date,J3_2%,J3_10%,J3_30%,J3_50%,J3_70%,J3_90%,J3_100%
24/07/2016,234,432,432,234,234,234,234
25/07/2016,363.2,402.5,434.7,457.5,479.8,507.7,554.5
26/07/2016,354.6,400,432.7,455.3,477.9,506.4,553.1
27/07/2016,366.4,401.6,433.7,456.2,478.8,507.1,544
28/07/2016,361.9,400.7,433.7,451.7,480.5,510,551.6
29/07/2016,359.6,400.2,433.6,457.2,480.8,510,553
30/07/2016,366.4,403,434.5,456.8,479.2,507.1,545.8
31/07/2016,367.9,405,436.4,459.1,481.3,509.5,555.8
01/08/2016,368.3,405.2,436.6,459.1,481.1,508.8,554.6
02/08/2016,356.3,397.3,431.9,455.8,479.2,507.6,549.1
03/08/2016,359.2,394.7,426.3,447,468.3,496.2,539.9
04/08/2016,354.5,390.2,422.3,443.1,463.5,490,527.3
05/08/2016,356.1,392.4,424.8,446.2,467.6,495.1,538
06/08/2016,361,395.4,426,446.2,466.8,493.7,540.1
07/08/2016,363.2,400.3,431.1,452.2,473.2,500,545
08/08/2016,367.1,403.2,435.9,459.3,482.4,511,546.2
09/08/2016,371,406.6,439.5,464.4,488.6,519.1,555.4
10/08/2016,371.4,409.1,444.1,471.2,497,528.9,571.9
11/08/2016,360.9,399.5,433.2,457,480.1,508.2,552.4
12/08/2016,360.1,397,430.1,453,475.2,502.1,535.8
13/08/2016,367.5,401,431.5,452.8,473.8,500.2,547.1
14/08/2016,371,407.1,441.1,467.3,492.5,524.8,571.9
15/08/2016,369.7,405.2,437.4,460.6,482.9,510.3,551.6
16/08/2016,366.6,403.5,435.5,458.8,481.8,511.3,560.6
17/08/2016,363.4,401.3,435,459.3,483.5,514.4,554
18/08/2016,363.4,399.1,433.1,458,482.9,514.6,559.6
19/08/2016,362.8,398,430,452.6,474.8,503,550.2
20/08/2016,359.7,396.2,430.4,454.8,479.1,509.9,549.4
21/08/2016,362.2,398,432.1,456.7,481.4,495.3,562.2
22/08/2016,360.1,397.2,431.5,456.1,480.7,511.8,560.4
23/08/2016,364.7,399.5,432.5,456,479.5,508.7,555.7
24/08/2016,355.9,390.5,423.3,445.3,467.1,495,548
25/08/2016,359.7,394.4,426.7,448.7,470.6,497.7,533.2
26/08/2016,360.6,396.6,428.2,458.7,472.7,500.4,546.8
27/08/2016,360.5,396.6,428.4,451,473.1,500.4,547.4
28/08/2016,357,394.4,427.5,450.5,473.3,501.1,538.7
29/08/2016,357.4,396.1,428.6,451.3,473.8,501.1,540.3
30/08/2016,352.8,390.9,423.2,444.5,466.1,493,535.1
31/08/2016,357,399,430,451,472,501,540
01/09/2016,356.5,393.6,425,446,466.8,492.9,530.3
02/09/2016,357.5,392.8,424.5,445.8,467.3,494.3,546.1
03/09/2016,353.1,391.6,423.5,444.5,465.2,490.9,535
04/09/2016,356,392.2,423.5,444.1,464.9,491.3,537
05/09/2016,356,392.4,424,444.7,465.6,491.6,525.6
06/09/2016,356.7,393.3,424.6,445.6,466.5,492.4,534.8
07/09/2016,352,387.7,419.6,440.2,461,487.4,535.1
08/09/2016,353.7,392.6,424.6,445.7,466.8,492.9,538.9
09/09/2016,355.1,391.6,423.2,444.2,465.2,497.1,532.1
10/09/2016,352.6,392.1,425,446.5,467.8,494.2,542.9
11/09/2016,353.8,391.9,423.8,445,466.1,492.4,542
12/09/2016,353.1,393.6,425.6,447.7,469.4,495.8,541.3
13/09/2016,352.7,392.6,424.8,446.9,468.7,494.8,541
14/09/2016,358.4,394.7,425.7,446.7,467.3,492.3,537.2
15/09/2016,351,387.5,419.7,440.4,460.7,486.4,532.9
16/09/2016,357.4,390.4,422.8,443.7,464.1,489.2,533.5
17/09/2016,354.7,391.4,423,443.6,463.7,488.8,533.2
18/09/2016,351.5,387.9,420.1,441,461.5,487.3,541.9
19/09/2016,355,391.6,423,443.1,463.7,488.7,532.1
20/09/2016,353.6,391.6,425.8,447.4,469.1,486.7,539
21/09/2016,347.1,383.9,417.7,439.7,461.5,488.3,537.8
22/09/2016,347.3,383.1,416,437.5,459.5,490.2,540.3
23/09/2016,347.4,382.9,415.5,436.4,457.3,483.9,531.5
24/09/2016,344.4,381.3,414.5,435.5,455.8,482,523.8
25/09/2016,344.9,379.2,411.6,432.4,452.2,478.2,528.1
26/09/2016,348.1,381.2,411.8,433.6,455.1,482,530.8
27/09/2016,347.1,376.3,411.9,433.9,455.1,482.7,530.1
28/09/2016,343.9,380.2,413.4,434.4,455.1,481.8,531.4
29/09/2016,345.1,379,411.9,433,453.3,480.1,525.2
30/09/2016,346.3,376,415.1,438.4,456.2,483.4,530.5
01/10/2016,345.5,377.9,411.8,433,454,481.1,530.4
02/10/2016,346.7,378.3,412.2,433.1,454,480.9,529.1
03/10/2016,339.9,378.4,412.7,434.4,455.2,482.2,534.1
04/10/2016,349.5,385.4,417.4,437.9,457.9,482.6,526.2
05/10/2016,344.6,385.7,417.7,437.7,458,483.7,530.1
06/10/2016,351.9,386.7,417.7,437.7,457.7,483.4,531.2
07/10/2016,351,386.3,418.1,438.7,459,484.7,532.6
08/10/2016,351,385.4,416.3,436.1,456,482.1,531
09/10/2016,355.1,390.3,422.1,443.5,464.8,491.2,538.1
10/10/2016,354.4,390,422.1,443.7,464,491,537.3
11/10/2016,351.3,388.7,421.2,442.6,463.7,490,537.3
12/10/2016,351.4,387.2,424.4,441.6,460.2,482.6,527.6
13/10/2016,352,387.6,422.6,441.9,462.2,483.9,527.8
14/10/2016,351.2,386.4,420.2,441,464.2,490.2,536.2
15/10/2016,345,389.8,425.3,448.6,471.4,501.1,540.7
16/10/2016,356.8,393.3,426.8,449.2,471.5,500.9,544
17/10/2016,352.9,391.1,425.8,448.7,471.9,503,568
18/10/2016,349.9,387.8,422.3,445.4,468.4,498,542
19/10/2016,355.1,393.2,426.7,448.9,471.4,499.8,555
20/10/2016,352.6,391.2,425.4,447.8,470.2,498.4,534.5
21/10/2016,354.2,391,423.5,445,466.7,494.3,530.9
22/10/2016,356.1,392.3,424.6,446.4,468.4,496.3,544.2
24/10/2016,351.2,389.7,422.5,443.9,456.6,493.8,539
25/10/2016,336.9,382.7,417.7,439.7,461.6,490,546.5
26/10/2016,341.2,382,416.2,438.2,459.6,487.1,535.2
27/10/2016,339.1,377.5,411.8,433.1,454.4,481.6,531.6
28/10/2016,331.6,374.4,409.4,431.8,453.6,479.8,519.8
29/10/2016,336.4,374.4,408.1,428.8,449.3,476.4,528.2
30/10/2016,336,375.7,409.2,430.1,450.6,477.5,522.8
31/10/2016,328.5,372.5,407.9,429.3,450.1,477.8,539.8
01/11/2016,335.5,372.3,406,427.6,448.7,476.4,533.4
02/11/2016,332.2,370,406.2,424.4,446.8,476.2,532.2
03/11/2016,329.1,369.1,403.5,424.7,445.7,473.3,527.5
04/11/2016,326.9,364.7,397.9,418.5,438.6,466.3,524.6
05/11/2016,321.8,363.5,398.9,420.9,442.6,471.5,534.1
06/11/2016,321.6,363.5,398.5,420.4,442.2,470.9,527.5
07/11/2016,324.8,359.9,394.6,416.9,439,468.1,524.9
08/11/2016,324.4,361.3,396,417,439.7,468.1,508.5
09/11/2016,321.2,356.5,391.4,413.5,435.8,464.6,511.5
11/11/2016,308.3,350.6,387.2,410.2,433.1,463.2,508.2
12/11/2016,312.8,347.1,382.7,405.8,427.8,457.2,519.4
13/11/2016,309.6,343.1,377.6,400,420.9,448.9,489.3
14/11/2016,309.9,348.3,383.1,406.1,428.8,459.2,508
15/11/2016,302,340,375.9,398.9,421.1,451.4,522
16/11/2016,313.8,357.6,399,424,448.2,478,518.8
17/11/2016,318.2,349.7,380.8,406.6,422.5,452.5,510.8
18/11/2016,321.6,349.2,378.2,398,417.9,448.8,534.6
19/11/2016,327.5,353.1,380.1,399.7,420,455.9,541.3
20/11/2016,331.7,355.6,382.9,403.6,425.9,465.9,555.1
21/11/2016,328.5,353.5,382.7,404.2,426.5,459.7,549.1
22/11/2016,331.1,354.8,382.6,403.9,425.9,461.7,550.3
23/11/2016,335,357.5,383.4,403.6,424.6,460.3,546.6
24/11/2016,335.4,357.1,383.8,404.4,425.8,460.6,550.8
25/11/2016,337.6,358,385,406.4,428.4,465,541.6
26/11/2016,331.3,350.6,385.9,406.9,429.2,470.1,556.9
27/11/2016,339.6,358.2,383.7,404.9,428.2,473.7,558.5
28/11/2016,335.7,355.2,381.4,403.2,426.5,467.7,560.9
29/11/2016,312.6,353.4,392.4,416,438.8,469.4,517.4
30/11/2016,315.2,355.8,393,415.2,436.6,465.4,523.4
01/12/2016,338.3,370.2,402.9,423.4,441.8,467.8,511.6
01/12/2016,349.1,382.6,416,437.7,459.1,487,527.1
02/12/2016,343.7,394.6,429.3,452.7,475.7,505.4,554.4
03/12/2016,347.2,383.5,415.7,438.6,451.2,480.2,523.3
04/12/2016,357.2,401.1,433.5,452.9,479.7,508.6,556.6
05/12/2016,361.8,400.7,433.4,456.7,479.1,507.4,551.5
06/12/2016,362.4,399.2,430.7,452.4,473.8,500.2,544.8
07/12/2016,359.1,395.2,427.7,449.4,471,497.7,531.9
08/12/2016,361.8,398.9,430.7,452.7,474.2,501,542.2
09/12/2016,359.8,398.7,431.2,454.6,477.2,505,549.4
10/12/2016,356.2,401,433.8,455.2,478.4,505.8,540.8
11/12/2016,364.7,399.7,431.6,454.4,476.1,502.6,543.5
12/12/2016,367.2,403,436.6,458,478.8,506.2,543
13/12/2016,365.8,402.2,434.2,456.8,478,504.2,554.6
14/12/2016,364.6,400,433.6,457.6,480,508,550.2
15/12/2016,364,405.8,431.4,454,484,508.6,544.8
16/12/2016,369.8,401,435.6,458,480.6,510.8,554
17/12/2016,364.8,398.2,431,456.2,480,511,550.8
18/12/2016,363,409,439.4,462.2,482.6,508.6,547.4
19/12/2016,336.9,402.1,435.7,459.6,482.7,510.7,552.8
20/12/2016,384.8,414,441.4,463.2,482.6,509,564
21/12/2016,379.4,409.2,436.4,457.6,477.6,504.6,564.8
22/12/2016,373.2,406.7,435.5,460.8,478.3,507.2,566.1
23/12/2016,370,403.8,434.4,456.2,476.6,502,534
24/12/2016,367.6,404,435.4,457.4,478,503.2,541
25/12/2016,379,408.6,437.4,459.6,480.4,508.8,568.4
26/12/2016,366,400.6,431,452.4,473,498,530.4
27/12/2016,372.5,406.2,435.8,460.7,476.5,499.3,551.6
28/12/2016,370.8,404,433.4,456,477,504.6,560
29/12/2016,373.8,405,434.6,456.8,477.6,504.4,547
30/12/2016,368.9,402.6,432.5,455.8,476.3,502.7,552.2
31/12/2016,356,392.6,427.4,451.6,475.6,504.4,539
01/01/2017,358.2,396.8,430.4,454.6,477.8,506,546
02/01/2017,373.4,403.2,433.2,456.4,478.6,507.8,551.8
03/01/2017,380,408.6,437.2,459.8,480.8,509,562
04/01/2017,381.4,409,438,461.4,483.2,513.6,574.4
05/01/2017,378.2,405.8,435.2,459.2,481.8,512.6,564
06/01/2017,388.8,416.6,443.4,466.4,488.2,517.8,572.2
07/01/2017,363.2,399,431.2,454.8,477.6,506.2,554
08/01/2017,351.6,388.2,420.4,441.4,462.2,487.8,522.2
09/01/2017,382.2,408.4,434.6,455.6,476.2,505.2,560.4
10/01/2017,355.5,392.2,424,445.4,470.2,503.6,542.8
11/01/2017,360.8,394.6,425.6,446.8,468.4,494.2,527.8
12/01/2017,359.4,391.8,425.8,447.4,469.2,495.6,540.4
13/01/2017,359.4,396,426.6,447,467.8,493.4,532.8
14/01/2017,352.8,394.8,425.2,445.6,466.2,491.6,529
15/01/2017,358.6,395,425.4,446,467.2,492.8,534.4
16/01/2017,363.4,397.2,427.8,449,469,495.2,528
17/01/2017,352.2,392.8,422.8,443,463.8,488.8,528
18/01/2017,351,389.4,420.6,440.8,461.6,487.2,522.8
19/01/2017,365.6,397.6,427.4,448.2,469.2,494.8,528.3
20/01/2017,360.4,395.8,425.8,446.4,467.7,493.2,530.2
21/01/2017,354,389.4,419.2,439,459.2,484.6,523
22/01/2017,351.4,387.4,417,436.6,456.8,482.2,514.6
23/01/2017,353.2,389.6,422.2,443,464.8,491.8,526.6
24/01/2017,349.2,383.6,416.2,437.8,459.6,487.2,523.4
25/01/2017,347.8,384.6,417.4,439.2,461.2,489,532.4
26/01/2017,345.6,388.6,417.5,439.9,459.5,490.9,527.8
27/01/2017,349,389.2,422.6,445.2,468.8,497.2,534.4
28/01/2017,334.4,386.2,422,444.8,468.8,498.6,560.4
29/01/2017,335,370.4,403.5,424.6,447,475.6,511
30/01/2017,349,385,418.2,440.4,463.4,492.4,535
31/01/2017,338,381.4,416.2,438.8,462,490.8,538.4
01/02/2017,355.8,388.2,420.2,442.2,465.2,493.2,528.8
02/02/2017,343.2,383.8,418,440.6,464,493.2,536
03/02/2017,333.8,386.4,420.4,440.2,463.2,495.8,537.2
04/02/2017,353.6,388.4,421.8,444.8,468.2,496.4,530.8
05/02/2017,339.2,373,407.8,429.6,450.8,478.8,521
06/02/2017,337.2,368,398.4,418,438.4,469.2,524.8
07/02/2017,335.2,371.4,406.2,427,448.8,475,523.2
08/02/2017,336.8,375.6,409.2,430.5,450.4,481.5,527.3
09/02/2017,356.6,390.2,422.4,444.6,467.4,495.4,532
10/02/2017,343,390.4,424.4,446.4,468.2,495.4,540.4
11/02/2017,336.4,368.4,402.2,420.6,447,472.2,530.8
12/02/2017,358.2,391.4,422.6,444.6,467,493.8,528.2
13/02/2017,353.7,390.6,421.5,445.2,467.1,496,530.2
14/02/2017,363.6,396.6,425.6,446,467.2,493.8,534.2
15/02/2017,330.2,388.8,423.6,446,468.2,495.2,535
16/02/2017,334.6,395,424.6,446.6,469,497.4,536.6
17/02/2017,341.2,379.8,414.8,437,458.4,485,519.2
18/02/2017,336.1,387.6,423.1,442.7,466.6,494.2,536
19/02/2017,333,377.8,414.8,437.8,459.8,481,532
19/02/2017,347.8,380.4,412.6,433.8,453.8,479.6,520.8
20/02/2017,350.4,382.2,413.4,433.4,452.4,476.6,509.2
22/02/2017,368.8,393,429,455,480.2,510.4,557
23/02/2017,347,388,423.4,448.4,472.8,503.2,545
24/02/2017,348.2,385.2,419.6,443.2,467,494.8,522.8
25/02/2017,366,396.6,427.4,451.4,475.8,508,549
26/02/2017,331.2,382.6,420.2,444.8,469.6,500,542
27/02/2017,349,384.6,419.2,443.2,467,495.8,541.4
28/02/2017,371.8,401,430,453,476.4,508.4,549.4
01/03/2017,351.4,385.4,419.2,442.6,466,494.6,538.4
02/03/2017,346,395.8,425.2,455,471.6,503.5,544.5
03/03/2017,352.4,387.8,424,449.6,475,505.8,550.8
04/03/2017,355.4,389,423.8,449,474.4,505.6,550.4
05/03/2017,348.8,388,425.2,451.2,476.6,507.6,545.6
07/03/2017,353.4,386.2,420.2,444.6,469.4,501.2,553.2
08/03/2017,357,389,424,449,474.2,504.6,542.2
09/03/2017,362.8,397,430,456,481.2,513,553.8
09/03/2017,362.8,395.2,428.6,454.4,479.6,512,553
10/03/2017,353.6,393.4,430,457.6,483.2,515,564.8
11/03/2017,352.8,389.8,426.4,453,478.2,509.2,558.6
12/03/2017,363.4,396.8,428,450.8,472.8,501,547.6
13/03/2017,339.8,373,407.4,430.6,454,482.2,519
14/03/2017,353.6,392,427.8,454.4,479.6,510.8,554
15/03/2017,352.8,397.6,427.6,456,475.8,513.8,558.4
16/03/2017,355,394.6,430.4,453.2,476,504,540.4
17/03/2017,350.7,391.2,429.8,455.7,477.8,510.3,554.6
18/03/2017,358.2,390.4,422,443.2,464,488.6,530.2
19/03/2017,355,390.8,423.4,446,468.8,497,542.2
20/03/2017,361.8,393.2,425,448.2,471,498.8,540.4
21/03/2017,359.6,391.4,423.4,446.4,469.4,497.8,535.8
22/03/2017,354.6,389.2,422.6,446.2,469.8,498.4,548
23/03/2017,360.4,392.8,425,448.6,471.6,499.4,544
24/03/2017,354.4,391.4,425.2,448.4,471.8,500,537.8
25/03/2017,356.3,391.5,426.8,447.7,473,501.9,542
26/03/2017,361.4,392.4,424.6,448.8,471.6,499,545
27/03/2017,364.4,394.8,426,450.2,472.6,499.6,542.6
28/03/2017,363.6,393,424.4,449,471.4,498.4,540.8
29/03/2017,358.2,392,424.6,447.6,471,499.6,541.6
30/03/2017,334.4,383.6,422,446.8,471.8,500.8,551.8
31/03/2017,353.2,391.8,425.8,448.2,470.4,496,524.4
02/04/2017,360.2,390.8,422.6,445,468.4,496.4,544
03/04/2017,363.8,396.6,429.4,451.8,473.6,498.4,525.8
04/04/2017,362.6,397,431.4,455,477.6,503.8,535
05/04/2017,357,391.4,426,452,477,505.8,542.6
06/04/2017,353.4,387,422.4,448.2,473.4,502.4,539.2
07/04/2017,363.6,396.2,429.2,454.8,480,510.6,561.6
08/04/2017,353.2,387,425,452.4,476.2,495.2,531
09/04/2017,348.4,375.8,416.4,436.8,457.8,482.6,514.6
10/04/2017,361.6,395.1,428.7,453,478.8,504.2,540.7
11/04/2017,354.8,392,428.2,451.4,476,496,540.8
12/04/2017,354.8,395.8,429,452.2,475.8,507.2,564
13/04/2017,357.4,394.6,428,451,474.4,503.4,546.4
14/04/2017,358.4,389.8,421,443,465.6,493.6,537
15/04/2017,364,393.4,424.4,446.5,468.2,496.2,535
16/04/2017,351.6,385.8,417.2,438.6,460,488.6,541.8
17/04/2017,359,389.8,420.8,442.6,465,492.4,531.2
18/04/2017,355.4,389,420.2,441.8,464.4,493.2,539.4
19/04/2017,357,384.4,424.4,445.8,467.4,494.8,530
20/04/2017,357.2,387.8,418.6,440.2,462.6,491.4,540
21/04/2017,351,384.6,416.6,438,460.6,489.8,535
22/04/2017,352.4,385.6,419.4,441.2,463.6,491.6,528.2
23/04/2017,350.6,388,421.2,444.2,468.2,500.2,554
24/04/2017,351,384.2,416.4,441.8,463.2,491.2,535.2
25/04/2017,349,382.4,416,438.2,460.6,488,521.4
26/04/2017,358.2,390,422.8,443.2,464.6,492.6,540.1
27/04/2017,352.4,388.4,421.6,443.8,466,493.4,532
28/04/2017,361.6,394.8,426.8,449.2,471,498,539.6
29/04/2017,369.2,397.6,426.8,448.4,469.8,497.2,538.6
30/04/2017,370.8,398.2,427,448,468.6,495.4,530.2
01/05/2017,376,401.4,428.4,448.6,469.2,497,548.2
02/05/2017,375.6,401.4,428,448,468.4,496.4,553.8
03/05/2017,342.2,376.8,409.8,430.6,451.4,479.6,515.2
04/05/2017,370.8,395.6,423.2,443.2,463.2,490.2,535.2
05/05/2017,375.6,400.6,426.8,446.4,466.4,493.4,535
06/05/2017,376,400.6,427,447,467.6,495.6,541.6
07/05/2017,376.6,401.2,428,448.4,469.2,496.4,539.4
08/05/2017,349.6,385.6,421.6,446.4,471,501,536.2
09/05/2017,361.6,395.8,426.8,448.8,471.2,501.4,548.2
10/05/2017,370.2,395.6,422.6,444.2,466,495.8,543
11/05/2017,348.2,385.6,420.6,444.6,468.4,498.4,535.2
12/05/2017,378,405,433.2,456.4,480.4,511.2,558.8
13/05/2017,352.8,390.6,427.2,452,478,509.2,553.6
14/05/2017,359,395.6,428.3,452.6,476.4,505.8,545.4
15/05/2017,363.4,399,432,455.6,480.2,510,550.8
16/05/2017,344.4,374.8,405.2,427.6,451.2,479.6,516.6
17/05/2017,345.2,379,414.2,436.6,459.2,487.8,528
18/05/2017,368.6,395.4,423.8,444,466.2,501,553.4
19/05/2017,347.2,374,415.2,441.2,464.8,495.2,531.4
20/05/2017,330.8,371.2,410.4,433.2,456,485.2,540.3
21/05/2017,332,370,408.2,432.8,456.4,486.6,531.4
22/05/2017,352.1,395.8,417.6,442.8,463.6,484.4,536.6
23/05/2017,351,392.4,416.8,441.6,466.6,497.8,538.8
24/05/2017,346.6,378,413,434,455,482.4,522.2
25/05/2017,350,387.4,413.2,439.9,461,483.8,545.6
26/05/2017,364.8,400.4,432,454.2,476,502.4,545.2
27/05/2017,366.6,401,433.4,457.4,478.8,502.4,533.8
28/05/2017,368,400.8,433,457.2,478.6,502.4,533.4
29/05/2017,365,397.2,428.2,451.6,473.4,497.4,527.4
30/05/2017,363.8,399,430.6,453,475,501.6,542.8
31/05/2017,366.2,402,433.6,456.6,478,504.2,543.8
01/06/2017,368,397,427.2,450,471.2,494.4,524.2
02/06/2017,367,400.6,431,457.1,476.3,499.8,532
03/06/2017,365,398,422,450.5,477,501.5,540.5
04/06/2017,368.6,394.4,422.8,444.6,466.2,489,520.8
05/06/2017,353.6,393.8,424.6,446.4,467.6,493.8,534.8
06/06/2017,363.2,390.4,417.4,438.2,459.8,484.2,517.4
07/06/2017,365,390.4,418,439,460.6,484.6,518.2
08/06/2017,351.8,392.6,423.8,445.8,467.4,494,534.2
09/06/2017,363,388.2,417.4,439.2,461.2,485.2,519.6
10/06/2017,356.2,388.2,418.4,439.4,460.4,486.8,525.2
11/06/2017,358.6,393.6,425.8,449.2,472.4,500,538.2
12/06/2017,361.8,387.2,418.4,442.8,468,495,532
13/06/2017,354,391.2,425.6,451,470,496.2,536.2
14/06/2017,355.4,394.2,427.4,451.8,475.6,494.2,539.4
15/06/2017,355.4,391.4,424.2,448.2,472.6,501.8,548.6
16/06/2017,356.8,392.2,425.4,449.6,473.8,502.8,544.8
17/06/2017,367.4,391.2,420.4,444.4,469,495.4,533
18/06/2017,356.6,393,426.6,451,475.4,505,550.8
19/06/2017,357.8,393.6,426.8,451,475,504.2,552.2
20/06/2017,368,391.2,420.4,444.2,468.2,493.8,529.4
21/06/2017,352.8,390.4,424.2,449,473.2,501.6,547.4
22/06/2017,357.6,398.4,425.6,448,472,502.2,535.8
23/06/2017,358.6,394.6,427.6,451.8,475.6,504.6,549
24/06/2017,360.6,393.2,425.6,449.4,473,501.4,542.2
25/06/2017,363.8,387.2,420.8,444.6,469.2,495.8,532.1
26/06/2017,354,391.2,425.2,449.2,473.2,501.6,543
27/06/2017,365.8,387.8,416.4,439.8,464,489.6,523.4
28/06/2017,360.6,384.6,410.6,436.4,462.8,490,523.6
29/06/2017,349,386.8,420.8,445,469.4,498.2,538.4
30/06/2017,362,384.8,413.6,437,461.6,487.6,522
01/07/2017,363.4,385.6,414.6,438.2,462.8,489,524
02/07/2017,359.4,386.4,419.4,443.2,467.4,495.8,536.4
03/07/2017,359.4,383.2,414,438.2,463.6,490,524.6
04/07/2017,359.8,393.2,425.6,449.4,473.4,503.4,546.8
05/07/2017,355.2,393.2,426,450,474,504.2,543.8
06/07/2017,357.8,382.4,413.8,438.6,464.2,490.4,522.8
07/07/2017,358,394.6,427.6,452,476.4,506.8,553.2
08/07/2017,350.4,389,421,444,467,495,539.6
09/07/2017,359,393.8,425.4,447.8,470.4,498,548.4
10/07/2017,359,394.8,426.4,449,471.8,499.4,544.8
11/07/2017,355.8,390.4,421.6,443.8,466.2,492.6,524.8
12/07/2017,358.6,392.2,426.7,447.3,469.1,496.4,536
13/07/2017,360.8,390.6,417.6,438.6,470.8,496.4,530.6
14/07/2017,361.2,395.6,426.6,449.6,472.6,500.8,536.4
15/07/2017,355.4,395,427.8,451.8,474.6,504.6,554
17/07/2017,356.6,391.4,423.4,446,469,496.4,529.4
18/07/2017,357.4,392,423.6,446.4,469.6,497.8,543.8
20/07/2017,337.4,386,419.2,441.6,464.3,492.8,530
21/07/2017,357.4,389.8,420.4,442.4,465.2,492.4,529.4
22/07/2017,366.2,400.8,432.8,456.4,478.6,505,543
23/07/2017,357.6,391.2,422.2,444.6,467.4,495.2,536.2
24/07/2017,356.2,391.4,424.6,442.6,467.8,496.6,540.2
25/07/2017,360,395.6,427.6,450.6,473.2,499.6,537
26/07/2017,359,393.4,425.2,448,470.4,497,535
27/07/2017,356,391,423.2,446,468.8,495.2,533.2
28/07/2017,353.8,387.4,418.8,441,463.8,490.4,527.8
29/07/2017,350.8,385.4,417.4,439.4,462.2,488.6,525.8
30/07/2017,351.8,387,418.8,441.4,464.4,491,529
31/07/2017,350.6,386,418,440.2,462.8,490.4,530.6
01/08/2017,362,396.6,427.2,449.6,471,497.2,539
02/08/2017,372.4,407.2,437.8,460.2,481.6,508.6,554.4
03/08/2017,373,405.8,436.8,458,479.2,505.2,545.2
04/08/2017,370.8,403.8,433.8,455.6,476.6,502.4,536.2
05/08/2017,346.6,380.2,410.8,431.8,453.8,480.6,528
06/08/2017,356.6,394.2,419.4,449.2,462.8,492.6,528.4
07/08/2017,345.8,380.4,411.8,433.6,456,483.4,522
08/08/2017,367.2,401.9,433.4,456.7,477.7,503.8,544.8
09/08/2017,369.4,403.7,434.9,457.1,478.4,504.6,544.5
10/08/2017,354.6,393.4,425.2,452.1,472,498,542
11/08/2017,362.6,401.4,433,455.4,476.8,503.4,545.6
15/08/2017,367.2,403.2,434.2,456.6,478,504.4,539
16/08/2017,367.2,401.6,432.4,455.2,476.8,503.8,547
17/08/2017,367.5,402.3,433.6,456.3,478.1,504.9,547.8
18/08/2017,373.2,407.4,438,461,482.4,509.2,552
19/08/2017,371,405.8,436.6,459.8,481.4,508.2,543.6
20/08/2017,370.2,405.2,436.2,459.8,482,509,544
21/08/2017,367.6,403,434.2,457.2,479.4,507.2,553.8
22/08/2017,375.4,409.2,440.6,464.4,486.2,513,559.6
23/08/2017,357.4,391.6,423.4,446,468.4,493.8,528.4
24/08/2017,367.5,404,434.8,456.2,476.2,500.4,539.1
25/08/2017,367,402.2,432.6,453.9,474,498.5,538.2
26/08/2017,368.6,403.6,433.4,454.8,475.2,500.4,549.6
28/08/2017,361.8,396.8,424.8,445.6,466.2,491,523.4
29/08/2017,372.4,406.2,435.6,456.6,476.4,500.6,543.2
30/08/2017,365.6,404.4,432.6,457.4,478.4,501.8,534.4
31/08/2017,368.8,404.8,436.8,459.8,479.8,502.4,533.2
01/09/2017,370.2,407.8,438.8,461.8,480.8,503,538.4
02/09/2017,374.8,407.2,436.2,458.4,477.8,500.2,536.4
03/09/2017,376.6,410.6,440,461.2,480.8,505.2,557
04/09/2017,371.8,408.8,437,457.2,476.2,499.8,538.2
05/09/2017,368.6,403,433.6,455.6,475.2,497.2,528
06/09/2017,372.8,408.2,439,460.6,481,505.4,546.4
07/09/2017,368.1,405.3,435.7,456.3,475.3,498.3,538.2
08/09/2017,368.8,403.6,434.6,457,476.4,498.4,530.2
09/09/2017,366.2,402.7,432.6,452.8,471.8,494.6,536.2
10/09/2017,368.2,402.8,432.4,452.6,471.6,495.6,544.4
11/09/2017,359.3,402.1,432.6,452.8,471.6,494.3,535.1
12/09/2017,365.8,401.3,430.5,449.6,467.8,490,531.8
14/09/2017,368.6,401.2,429.6,448.2,466.6,489.6,531.4
15/09/2017,367.8,401.4,430,449,467.4,490.8,545.2
16/09/2017,364.7,400.2,429.8,449.3,468.1,491.2,530
17/09/2017,368.8,402.8,432.4,452.8,472.2,496.2,540.6
18/09/2017,366.8,401.4,432,453,472.8,497,544.6
19/09/2017,369,402.8,433.2,453.4,473,497,542.5
20/09/2017,365.2,400.6,431.6,454.4,474.6,497.2,532.2
21/09/2017,367.2,399.8,429.8,451.8,471.8,494.2,524.6
22/09/2017,373.2,403.2,431.6,451.6,471,495.4,540
23/09/2017,369,403.6,433.6,454,474.4,493.3,537.8
24/09/2017,372.4,405.2,435.4,457.8,477.8,500.6,530
25/09/2017,375.4,408.2,437.6,459.2,479.6,504.6,544.8
26/09/2017,372.8,405.4,435.4,457.8,477.8,500.8,544.6
27/09/2017,377.4,408.6,437.4,458.8,479,504.8,553.2
28/09/2017,369.2,404.4,434.8,456.7,477.5,502.8,541.1
29/09/2017,369.2,403.2,434,455.6,476.8,502.6,540.8
30/09/2017,368.6,402.6,433.2,454.8,476.2,502.6,556
01/10/2017,363.4,404.8,436.4,458.8,479.6,505.4,550.4
02/10/2017,370.4,402.4,431,450.6,469.2,492.2,524.2
03/10/2017,363.9,369.4,431.4,458.9,473.8,491.2,529.2
04/10/2017,362.5,399.2,430.2,451.3,471.3,495,533.3
05/10/2017,366.2,399.8,430.4,451.6,471.6,496.8,545.8
06/10/2017,364.2,400.6,432.1,453.6,473.7,497.9,535.5
07/10/2017,369.8,401.2,430.4,452.4,472.8,495.6,526.8
08/10/2017,360.2,396.3,426.7,447.3,467.9,493,547.9
09/10/2017,358.6,395.4,426.8,448.1,469.3,494.4,535.4
10/10/2017,363,399.7,432.4,456.1,478.7,505,540.7
11/10/2017,367.1,403.9,435.7,459.2,481.2,507.6,546.6
12/10/2017,364,400.2,432.2,455.4,477.9,504.3,545.4
13/10/2017,361.6,398,429.8,453.1,475.6,502.6,549.3
14/10/2017,360.4,394.6,426.8,449.2,471.6,499.2,541
15/10/2017,360.1,395.6,427.5,450.4,472.8,499.1,537.2
16/10/2017,359.9,397,428.8,452.7,476,502.5,544
17/10/2017,360.8,404,438.4,453,485.6,505.4,546.8
18/10/2017,359.2,395.8,430,455.4,480,509.4,543.8
19/10/2017,363.1,399.7,433.7,459.7,484.4,510,547
20/10/2017,366.8,400,430.8,450.8,477.8,504.4,544.8
21/10/2017,360.3,398.7,429,453.5,477.8,507.3,547
22/10/2017,363.4,397.8,429.7,453.6,477.6,507.7,551.7
23/10/2017,353.8,389.2,422.2,446.2,470.8,500.6,537
24/10/2017,362.8,399.5,432,456.1,480.3,510.8,558.2
25/10/2017,361.2,403.4,435.6,460,485.4,515.6,560.2
26/10/2017,356.4,388.6,421,444.6,469.4,498.2,537.8
27/10/2017,365.9,400.4,429.6,449.2,467.9,491.7,535.6
28/10/2017,366.7,400.3,429.3,448.9,467.7,491.6,535.9
29/10/2017,370.2,401.6,430.2,450.2,469.8,494.8,548.6
30/10/2017,367.8,402.9,432.2,451.7,470,492.8,535.7
31/10/2017,358.2,392.2,422.2,441.6,468.6,493.8,526.4
01/11/2017,368.3,403.3,432.8,452.9,471.7,495,535.1
02/11/2017,365.8,401.8,432.8,453.8,473.6,497.6,538.5
03/11/2017,360.5,397.4,429,450.4,470.6,493.6,529.6
04/11/2017,371.6,402.6,434,458.4,482.2,512,561.6
05/11/2017,367.1,402.9,436.6,462.1,486.5,516.2,560.1
06/11/2017,370.2,401.6,430.2,450.2,469.8,494.8,548.6
07/11/2017,364.5,401.5,436.4,462.1,486.7,516.4,559
08/11/2017,357,394.2,428.6,453.8,477.8,505.2,541.4
09/11/2017,364,398.4,428,449.2,470,497.6,547.4
10/11/2017,368.2,399,429.2,451,472.2,499.2,558.6
11/11/2017,356.6,391.6,423.4,445.8,467.6,491.6,524.8
12/11/2017,364.4,399.9,431.4,453.7,475,500.7,548.8
13/11/2017,363.2,400,432.9,456.4,478.6,506.6,541.3
14/11/2017,363.5,400.2,432.9,456.4,478.8,505.5,545.4
15/11/2017,363.6,400.3,433.6,457.5,480.5,508.7,551.8
16/11/2017,355.2,391.2,424.8,449.2,472.6,498.6,532.6
17/11/2017,364.6,401.2,433.8,457.3,480.1,507.4,548.7
18/11/2017,364.2,398.2,429.8,452.6,475,503,551
19/11/2017,353.4,385.8,417.2,439.2,461.2,486.2,521.4
20/11/2017,361.5,397.4,428.9,450.9,472.2,497.9,536.3
21/11/2017,365.8,401,433.3,456.2,477.4,502.8,541.8
22/11/2017,366.1,400.4,431.5,453.7,475,500.7,541
23/11/2017,369,398.6,428.8,451,472.8,501.4,559.6
24/11/2017,356.6,389.2,420.8,443.2,465.4,489.8,526.4
25/11/2017,341.6,380.4,413,435,456.6,482.4,517.4
26/11/2017,368,400.5,430.6,452.2,472.8,498.2,541.4
27/11/2017,354.6,388.6,420.6,443,465,489.8,525.8
28/11/2017,364.8,400.4,431.8,453.9,475.2,501.1,550
29/11/2017,361.8,398.9,431.1,453.9,475.4,501.2,541.8
30/11/2017,338.2,375.6,411.4,432.8,455.4,481.2,511.2
01/12/2017,366.2,400.3,431,453.1,474.1,499.9,547.4
03/12/2017,362.3,396.7,427.9,449.7,471.4,497.8,553.6
04/12/2017,365.8,400,431,453.4,474.6,500.4,547.1
05/12/2017,355,387,417.8,439.8,462.4,488.2,527.8
06/12/2017,363,396.4,427.4,449.1,470.7,496.9,543.1
07/12/2017,363.9,396.8,427.5,449,470.1,495.7,537.4
08/12/2017,361.8,395.7,426.1,447.5,468.5,494,535.4
09/12/2017,363,395.8,426.5,448.1,469.4,495.5,551.3
10/12/2017,357.5,393.9,427.6,450.9,472.8,498.6,537.3
11/12/2017,359.1,393.8,427.1,451.4,475.5,504.5,546.3
12/12/2017,363.4,394.5,425.3,447.1,468.8,495.7,540.9
13/12/2017,366.4,393.4,422.4,445.6,469.4,500.2,548
14/12/2017,364,396.9,428.4,451.1,473.6,501.3,549
15/12/2017,359,396.3,428.1,451,473.5,501.2,544
16/12/2017,357.2,390.2,426.1,451.6,466.8,489.6,540.4
17/12/2017,363.2,396.3,427.4,450,472.2,499.3,535.1
18/12/2017,355.6,395.5,428,450.5,473.1,500.3,548
19/12/2017,362.8,396.5,427.4,449.7,476.9,499,543
20/12/2017,362,393.6,430,452.2,474.8,504.8,547
21/12/2017,369.2,395.2,431.2,453.8,476.4,509.4,551.4
22/12/2017,367.1,399.8,430.8,453.7,476.1,503.7,547.2
23/12/2017,369.3,400.9,431.8,454.7,477,504.1,543.8
24/12/2017,362.3,397.9,429.3,452,474.4,501.7,545.4
25/12/2017,368.1,400.2,430.6,453.2,475.2,502.1,546.8
26/12/2017,367.2,399.7,430.4,452.9,475,502,541.5
27/12/2017,361.9,396.4,427.8,450.5,473.1,500.7,552.1
28/12/2017,365.8,398.2,428.4,450.9,473.2,500.6,548
29/12/2017,364.6,398.3,429.5,452.4,474.6,501.7,544.1
30/12/2017,367.5,398,428,450,472,499.3,545.7
31/12/2017,357.5,395.5,426.9,449.5,472,499.6,545.5
01/01/2018,365,392.8,423.5,449.8,472.5,500.2,554.6
02/01/2018,364.6,396.9,428.1,451.1,474,501.9,547.9
03/01/2018,360.4,395.9,427.6,450.6,473.6,502.1,554
04/01/2018,363.1,396.3,427.5,450.5,473.5,502,559.4
05/01/2018,362,391.6,422.6,444.6,467.2,493.6,521.6
06/01/2018,360.8,391,422.8,445.8,468.6,495.4,524.6
07/01/2018,365.6,397,427.9,451.1,474.4,502.3,544.5
08/01/2018,356.6,393.8,425.8,448.7,472,500.2,544.2
09/01/2018,358.2,396,426,451.2,474.4,500.4,539.8
10/01/2018,365.2,397.2,428.1,451.3,474.2,502.1,544.7
11/01/2018,359.6,388.4,417.4,438,458.4,482.8,510.8
12/01/2018,357.8,398,424.6,446.2,468.8,501.6,553
13/01/2018,367.6,403.2,429,451.2,474.8,507.6,551.8
14/01/2018,364.3,396.4,427.4,450.4,473.6,502.1,548.7
15/01/2018,365,396.7,427.8,451.1,474.7,503.5,555.9
16/01/2018,361.7,394.7,425.4,447.7,470.1,497.3,544.2
17/01/2018,352.2,391.5,424.3,447.7,471.3,499.7,543.1
18/01/2018,361.7,394.3,426.3,449.6,472.8,501.2,547.6
19/01/2018,364,396,427,449.9,472.9,501.1,545.4
20/01/2018,357.6,394.8,429,454.4,478.8,507.6,548.6
21/01/2018,360.6,393.7,425.4,448.7,472.3,501,549
22/01/2018,363.5,396.2,427.6,450.8,474.1,502.4,552
23/01/2018,360.6,393.3,425,448.6,472.7,502.2,554.2
24/01/2018,357.4,390.1,422.1,445.5,469.8,499.4,553.7
25/01/2018,367.6,397.6,427.8,452.2,476.2,505.6,554.4
26/01/2018,366.5,393.4,424.4,447.1,470.1,498,542.4
27/01/2018,352.4,388.6,422.3,446.1,469.7,498.1,542.5
28/01/2018,360.9,392.4,424,446.7,469.6,497.6,542.8
30/01/2018,367.9,395.8,426,448.9,471.9,500.1,547.5
31/01/2018,361.9,392.7,422.9,444.8,467.4,495.3,549.7
01/02/2018,364.3,395,425,446.8,468.9,496.3,551.7
02/02/2018,360.4,391.6,425.4,446.4,472.6,498.6,543
03/02/2018,364.4,395.5,425.5,447.7,470,497.3,548.8
04/02/2018,363.7,396,426.5,448.5,470.7,498,552.3
05/02/2018,364.8,397.5,427.1,449.4,471.4,498.6,550.8
06/02/2018,364.6,396.7,426.8,448.7,470.8,497.8,548.8
07/02/2018,364.3,395.3,425.4,447.3,469.6,497.1,551.8
08/02/2018,364.6,398.4,429.6,452.6,475.4,503,544.4
09/02/2018,359.4,398.5,432,454.1,475.7,502,558.4
10/02/2018,356,393.4,426,448,469.6,495.4,533.6
11/02/2018,355.2,395,428.3,449.9,471.5,498.2,559.7
12/02/2018,348.5,390.5,425.5,447.9,469.6,496.3,557.4
13/02/2018,355.9,394.1,427.8,449.7,471.2,498.3,557.4
14/02/2018,360.6,391.2,425.8,448.2,470.2,497,552.8
15/02/2018,358.8,393.6,425.2,447.2,468.2,493,539.6
16/02/2018,363.4,397.8,426,447.4,468.6,496,554.1
17/02/2018,354.6,391.2,422.8,444.1,465.4,490,526.2
18/02/2018,353.8,392.8,428.6,450.6,472.6,499.8,543
19/02/2018,360.3,396.1,424.9,446.2,467.9,495.9,569.2
20/02/2018,355.2,389.4,421.2,442.6,463.6,490,536
21/02/2018,361.4,395.8,424,446.2,466.6,494,558.2
22/02/2018,362,395.9,424,444.9,466.4,493.4,557.2
23/02/2018,361.2,396.3,425,446.4,467.8,494.4,551.6
24/02/2018,358.9,395.1,424.6,446,467.3,493.5,555.4
25/02/2018,357.2,392.7,421.1,440.8,461.3,488.4,558.4
26/02/2018,358.7,396,426.6,446.9,467.5,494.2,552.5
27/02/2018,358.3,393.5,422.2,442.6,463.5,490.2,558.3
28/02/2018,359.4,394.4,423,443.2,463.8,489.8,553.3
01/03/2018,356.4,389.1,419.6,443.9,462.9,490.6,553.4
02/03/2018,357.3,393.7,423.4,444.8,466.7,495.1,561
03/03/2018,353.6,386.6,418,439,459.4,483,547.4
04/03/2018,355,387.6,418.2,438.8,459,483,537.8
05/03/2018,354,386.8,418,438.8,458.8,482.6,527.4
06/03/2018,353.2,383.2,414.6,435.6,455.6,482.6,523.8
07/03/2018,352,384.3,415.7,436.9,458.1,483.4,529.9
08/03/2018,362.8,401,425.8,448.4,469.4,501.4,560.2
09/03/2018,359.4,391.8,422.8,444.4,466,490.6,524.8
10/03/2018,355.6,389.2,422.8,446.4,469.6,497.2,533.2
11/03/2018,355.8,392,426.7,451.1,474.7,503.7,545.6
12/03/2018,353.8,387.4,421.8,446,469.4,496.6,533.2
13/03/2018,360,391.6,423.8,446.6,468.8,495.2,530.8
14/03/2018,361,392.2,424.4,447.8,470.8,497.6,533.8
15/03/2018,364.2,395.2,426.6,449.6,471.4,496.8,530.6
16/03/2018,373.2,403.4,433.6,455.8,476.6,500.8,534.7
17/03/2018,366.5,400.6,432,454.4,476.4,503.1,538.7
18/03/2018,362.9,399,430.7,453.2,474.7,501,540.1
19/03/2018,375.6,406,436.6,459,479.6,504,542.2
20/03/2018,363.8,399.5,431.1,453.9,475.5,502.1,542.3
21/03/2018,364.2,399.7,431.4,454.4,476.3,503,546
22/03/2018,361.8,397.9,430.2,453.3,475.4,502.2,541.9
23/03/2018,361.2,397.1,429,451.5,473.2,499.6,540.5
24/03/2018,366,400.2,431,453.4,474.6,500.6,538.4
25/03/2018,370,401.2,432,454.8,476,500.6,538
26/03/2018,366,397.5,427.6,449,470,496.2,538.3
27/03/2018,358.6,394.2,426.6,449,471.2,497.6,539.4
28/03/2018,352.4,392.2,425.2,448.2,470.2,496.8,534.4
29/03/2018,365.8,399.8,430.6,453,474.6,501,541.4
30/03/2018,352.8,397.4,429.9,452.4,474,500.5,541.4
31/03/2018,363,396.7,429,453.7,477.8,509.1,551.8
01/04/2018,368.1,402.4,433.8,456.6,478.5,505.5,547.8
02/04/2018,371.2,403,434.8,459.2,482.2,510.6,554.8
03/04/2018,362.8,399.8,435,459.8,482.2,510.6,551.2
04/04/2018,360.8,397.6,429.8,453.2,475.6,502.6,542.8
05/04/2018,377.2,406,436.2,460.4,483,511.4,558.4
06/04/2018,354.4,392.5,425.9,449.2,472.1,500.1,546.5
07/04/2018,377.4,406,435.6,459,481.4,510.2,557.8
08/04/2018,357.9,393.7,426.1,449,471.6,499.2,542.9
09/04/2018,360.4,396,428.4,451.4,473.6,500.2,535.4
10/04/2018,367.8,410,431.4,453.8,475.5,502.1,542.2
11/04/2018,360.7,395.9,427.5,449.7,471.4,497.5,536.2
12/04/2018,373,410.6,439,462.4,484.4,512.4,559.4
13/04/2018,369.3,401,429.7,450.2,470.7,495.7,537.2
14/04/2018,362.9,397.5,428.5,449.8,470.5,496.3,540.3
15/04/2018,369.3,403.1,433,453.8,474.2,499.2,538
16/04/2018,359.7,395.2,426.6,448.1,469.6,495.9,549.1
17/04/2018,354,388,427.4,447.3,470.2,490.8,535.2
18/04/2018,364.9,398.6,428.7,449.9,471,497.2,537.7
19/04/2018,362.4,397.1,428.9,451.8,474.1,501.8,550.8
20/04/2018,365.6,398.4,429.1,451.3,473,499.9,539.6
21/04/2018,362.3,397.7,429.6,452.5,474.5,501.3,546
22/04/2018,359.8,395.5,426.6,448.1,469.1,494.3,534.2
23/04/2018,372.4,404.1,434,454,475.2,502.3,550.2
24/04/2018,365.5,399.1,429.5,451.2,471.9,497.3,538.6
25/04/2018,367,400.6,431.4,453.2,473.8,498.4,534.2
27/04/2018,363.8,402.7,434.4,455.9,476.5,501.2,538.8
28/04/2018,367.6,401.8,433.8,456.8,478.6,505.4,548.6
29/04/2018,368.4,400.6,431.8,454.4,476.7,504.7,553.7
30/04/2018,365.6,399.7,431,453.1,474.6,501.6,545.3
01/05/2018,368.5,400.2,430,451.8,473.2,499.6,537.8
02/05/2018,365.2,398.9,430,452.2,473.6,499.8,541.7
03/05/2018,364.2,399.2,430.4,453.4,474.8,500.2,533.6
04/05/2018,365.2,400.6,432.6,455,476,501.2,534.4
05/05/2018,369.6,404.1,435.3,457.3,477.5,504.1,540.4
06/05/2018,366.8,402.4,434.2,456.6,478,503.2,536.8
07/05/2018,370.9,405.1,436.2,458.3,479.4,505.4,547.3
08/05/2018,367.7,402.2,433.8,456,477.5,503.7,542.8
09/05/2018,368.5,403.3,434.8,457.1,478.6,505.1,547.4
10/05/2018,370.3,405.3,436.5,458.8,480.2,506.2,546.5
11/05/2018,368.4,398.2,427.8,451,473.2,499.8,540.4
12/05/2018,366.5,401.5,433,455.4,476.7,502.9,541.4
13/05/2018,363.8,397.8,428.8,451.2,472.8,498.8,536.2
14/05/2018,360,396.4,428.2,450.8,472.6,498.8,537.4
15/05/2018,366.4,401.1,432.9,455.6,477.4,503.7,543
16/05/2018,268,403.1,434.3,456.8,478.4,504.6,544.7
17/05/2018,366.4,401,435.3,457.7,479.3,505.5,546.7
18/05/2018,369.4,404.1,435.7,458.3,479.7,505.8,545.7
19/05/2018,365.6,400.6,432.2,455,476.8,502.8,540.8
20/05/2018,369.9,405.7,437,459.4,480.6,506.4,545.7
21/05/2018,369.1,400.5,430.3,458.4,480.1,504.2,542.5
22/05/2018,373.4,406.8,436,456.6,475.6,498,534
23/05/2018,370.9,405.7,434.7,454.5,472.9,495.6,536.4
24/05/2018,363.4,401.8,433.8,455.2,472.6,499.4,544.1
25/05/2018,372.8,407.6,436.3,456,474,496.4,536.2
26/05/2018,367.4,401.2,429.6,448.9,467.7,490.6,536
27/05/2018,368,401,429.8,449.8,468.6,491.2,532
28/05/2018,374.2,408.8,438,458.2,476.7,499.4,540.8
29/05/2018,366,400,429.5,449.4,468.4,492.1,532.7
30/05/2018,356.6,390.8,420,439,457.6,481.4,523.8
31/05/2018,368,398.9,426.2,445.2,464.1,488.7,541.5
01/06/2018,368.7,400,428.2,448.1,467.4,491.3,531.8
02/06/2018,373.4,408.6,435.7,454.5,472.4,495,534.9
03/06/2018,373.7,403.7,430.7,449.7,468.1,491.1,532.4
04/06/2018,360,394.6,424.8,445.4,465.2,488.4,528
05/06/2018,373.4,404.7,433.9,453.5,474.5,498.9,536.8
06/06/2018,371.7,402.8,431.5,451.5,471.5,496.1,543.8
07/06/2018,356.6,390.8,421.4,442.4,462.8,486.8,531.1
08/06/2018,363,405.2,429.4,454.4,464.2,489.6,535.4
09/06/2018,368.8,406.6,434.6,454.9,473.9,496.9,541.6
10/06/2018,372,406.5,435.6,455.7,475,499.7,544.8
11/06/2018,376.7,410.9,438.5,458,476.6,500,537.8
12/06/2018,364.2,396.4,424.8,447,468.2,492.6,532.2
13/06/2018,376.3,406.3,434.7,454.5,473.6,498.1,543.6
14/06/2018,374.2,405.5,434.2,454.7,475.4,499.4,542.3
15/06/2018,372.9,404.3,432.9,453.2,472.7,497.3,540.1
16/06/2018,371.8,401.7,429.4,449,468.5,493,535.3
17/06/2018,370.9,403.5,431.4,451.2,470.4,494.8,537.3
18/06/2018,371.5,403,431.6,452.2,472,496.9,541.2
19/06/2018,366.5,398.9,427.6,448.1,468.4,493.7,535.2
20/06/2018,373.5,404.2,432.1,452,471.3,495.8,542.1
21/06/2018,368.1,402,431.1,451.8,471.6,496.4,537
22/06/2018,373,403.8,431.6,451.4,470.2,494.1,535.6
23/06/2018,358.4,388.6,416,436,456,480.4,521.2
24/06/2018,369.3,401.4,428.4,447.4,466.5,490.8,534.5
25/06/2018,374,405.3,431.4,450.4,469.1,493.1,536.2
26/06/2018,373.5,404.5,432.5,453,472.5,497.5,536
27/06/2018,372.6,405.2,429.6,450,469.9,494.3,536
28/06/2018,352.8,393,429.8,451.2,471.6,496.2,536.2
29/06/2018,357.5,401,433.5,456,476,500,539
30/06/2018,372.9,403.3,431.1,450.9,470.2,495.1,546.8
01/07/2018,371.3,402.2,429.9,449.6,469,493.6,541.7
02/07/2018,367.1,397.4,425,444.5,464.1,489.1,537.6
03/07/2018,366.8,398.3,426.5,445.9,465.6,490.3,534.8
04/07/2018,360.4,396.4,428.2,449.4,469.5,493.2,537.6
04/07/2018,260.4,396.4,428.4,449.4,469.5,493.2,537.6
05/07/2018,369.6,400.2,427.1,446,464.4,488,535.1
06/07/2018,371.2,404.4,433.1,452.9,471.8,495.7,536.7
07/07/2018,368.4,403.1,432.7,453.7,473.5,498.2,542.4
08/07/2018,374.1,406.6,435.2,455.3,474.5,499,544.2
09/07/2018,373.1,402.4,433.1,452.4,471.5,498.1,538.6
10/07/2018,366.9,399.1,428,448.5,468.8,493.4,532.3
11/07/2018,365.6,392.6,426.2,448.8,470,494.6,534.8
12/07/2018,368.4,403.7,434.2,455.8,476.3,501.6,549.3
13/07/2018,370.2,400,427.4,447.1,466.8,491.5,534.3
14/07/2018,370.4,404.5,434.6,456.1,476.2,501.4,548.2
15/07/2018,366,401.3,432,453.8,474.5,500,549.2
16/07/2018,370,402.7,431.6,452.2,472.3,497.7,546.5
17/07/2018,370.9,403.9,433.4,454.2,473.9,498.4,546.1
18/07/2018,365.4,396.2,424.4,444.2,463.7,493.3,532.4
19/07/2018,367.5,401.5,430.8,451.4,471.6,497.2,551.6
20/07/2018,366.6,400.8,430,450.6,470.7,496.1,544.5
21/07/2018,361.7,394.7,424.6,443.8,462.3,488,550.6
22/07/2018,362.8,397.9,427.9,448.5,468.9,493.6,535.1
23/07/2018,365,399.9,430,451.1,471.3,496,539.4
24/07/2018,366.2,401.6,431.6,453.4,473.6,498.6,554.6
25/07/2018,369.7,405.8,436.2,458.4,479.1,504.9,554.1
26/07/2018,372.3,405.7,435.7,457.7,478.5,504.5,552
27/07/2018,357.8,392.7,423,444.4,466.2,493,543.3
28/07/2018,348.5,383,414.5,433,455,482.5,523
29/07/2018,358.7,391.1,420.2,439.5,458.3,483.3,537.2
30/07/2018,344.5,380.7,415.8,437.6,458,485.1,534.2
31/07/2018,340,377,411,432,453,480,531
01/08/2018,340.4,377.2,411.6,432.7,453,481.6,546.3
02/08/2018,334,376.7,410.5,430.8,449.8,476.1,540.5
03/08/2018,349.2,381.9,413.8,434.2,453.7,479.1,528.5
04/08/2018,347.7,380.5,413.4,434.8,455,481.2,531.7
05/08/2018,347,376.9,410.1,431.6,452.5,479.2,518.8
06/08/2018,352.1,385.5,416.9,437.3,457.5,484,535.6
07/08/2018,348.8,384.1,416.2,437.1,457.3,483.3,529.9
08/08/2018,349,383.3,416.5,430.2,460.2,486.9,527.7
09/08/2018,355.3,386.1,416.7,437.3,458.1,486.9,523.2
10/08/2018,349.8,383.3,416.2,438.1,459.6,486.5,541.4
11/08/2018,349.6,381.7,412.5,432.6,451.9,478,531.4
12/08/2018,339.5,374.5,408.4,429.9,450.4,477.5,523.3
13/08/2018,347,382,413,439,460,487,523
14/08/2018,350.9,382.2,411.1,432.7,453.5,479.2,522
15/08/2018,365.6,409,439.5,461.4,481.4,506.7,551.5
16/08/2018,361.4,402.7,436.2,459.8,481.1,507.2,550.9
17/08/2018,375,408.2,438.3,460.8,481.4,507.3,552.4
18/08/2018,366.3,409.4,440.3,462.7,483.1,508.8,555.8
19/08/2018,371.9,406.2,437.1,460.2,481.4,508,557.1
20/08/2018,370.1,404.6,435.2,457.9,479.2,505.7,551.8
21/08/2018,362.9,395.1,428.2,452.1,474.9,502.4,550.3
22/08/2018,377.9,409.4,438.5,461.1,482,508.7,553.1
23/08/2018,374.4,405.8,435,458.2,479.8,506.4,556.2
24/08/2018,371.6,405.7,435.6,457.7,478.5,504.5,554.1
25/08/2018,369.8,405.6,434.8,457.6,479,506.2,559.2
26/08/2018,364.8,403.1,434.8,457.5,478.8,505.1,553.9
27/08/2018,370.9,404,434.2,457.1,478.9,505.8,551.1
28/08/2018,374.2,406.8,436.6,459.4,481.1,508.3,558.3
29/08/2018,365,401.5,433.7,458.1,481.2,507,556.1
30/08/2018,365.2,400.3,431.9,456.1,479.7,508.6,557
31/08/2018,350.4,386,418.7,441.2,464.4,492.4,541.9
01/09/2018,360.3,393.7,427.1,452.1,476.6,506.7,558.4
02/09/2018,366.5,399.3,429.6,452.7,476.2,505.6,557.7
03/09/2018,360.5,396.1,428,452.1,476.1,505.6,556.7
06/09/2018,363.1,404.8,434.5,456.8,479,507.4,568.2
07/09/2018,372.8,404.8,432.3,453.5,475.2,501.9,553.4
08/09/2018,361.2,404.5,433.9,456.2,478.4,505.7,556.8
09/09/2018,362.5,406.6,434.3,454.5,474,497.7,540.6
10/09/2018,370.2,408.1,434.9,455.5,476,502.1,556.8
11/09/2018,361.2,402.5,431.5,452.7,473.9,499.8,549.2
12/09/2018,374.1,406.2,433.3,454.9,476.3,503.3,551.9
13/09/2018,341.8,387.1,421.5,443.2,464.6,490.6,543.2
14/09/2018,359.9,397.1,426.2,447.3,468.4,494.5,546
15/09/2018,374.4,405.7,433.1,453.8,474.5,500,546.8
16/09/2018,362.4,403.5,431.1,451.7,472.6,498.5,551.1
17/09/2018,373.5,405.6,432.7,453.4,473.5,498.6,546.1
18/09/2018,368.7,400.7,428.2,448.6,469.1,494.8,549.8
19/09/2018,357.3,398,428.6,450.3,471.8,498.2,553.1
20/09/2018,367.4,394.2,419.6,440,463.6,496.2,560
21/09/2018,369.9,402.1,430.7,452.4,474.1,501,555.8
22/09/2018,385,416.8,441.8,463.2,483.8,513,550.4
23/09/2018,365.5,399.1,429.2,451.9,474,500.2,548.8
24/09/2018,369,404.8,434.5,456.7,477.5,503.2,556.8
25/09/2018,367.1,401.3,431.5,454.2,475.7,501,537.1
26/09/2018,371.4,407.5,438.4,461.8,483.6,512.4,561.2
27/09/2018,372.6,415.6,450.2,463.2,484.8,512.6,562.4
28/09/2018,365,402.2,434.8,459.2,482,510,560.6
29/09/2018,372.6,404.1,432,453.9,475.6,502.5,555.6
30/09/2018,356.4,390.4,420.7,442.2,463.8,489.7,541.2
01/10/2018,369.9,402.4,432.3,455.2,476.8,503.2,552.9
02/10/2018,359.2,400.6,431.6,454.4,476.4,502.4,546.9
03/10/2018,367.1,400.5,430,452.1,473.5,499.6,551.6
04/10/2018,374.2,408.6,436.6,458.6,479.4,505.5,560.4
05/10/2018,352,399,431,453.8,475.4,503.2,555.6
06/10/2018,371.9,404.8,433.9,456,476.6,502.3,554.8
08/10/2018,374.5,408.2,436.1,458.1,478.6,503.6,548
09/10/2018,371.9,403.6,433,455.4,476.7,502.4,553.4
10/10/2018,367.6,410.2,439,461.4,481.6,505,554.8
11/10/2018,367.4,414.8,448,470.4,490.6,514.6,555
12/10/2018,374.5,405.4,433.7,455.3,475.8,501.4,555.1
13/10/2018,372.3,405.3,434.5,456.5,476.9,501.7,556
14/10/2018,370.1,403.9,435,458.8,478.9,503.2,554.5
15/10/2018,357.2,392.4,423,445,466.8,491.4,536.8
16/10/2018,366.4,411.6,445.2,468.2,488.4,512.6,554
17/10/2018,376.1,409.1,438.9,460.7,481.1,505.9,550.2
18/10/2018,367.4,408.7,439.3,461.1,485.4,511,549.1
19/10/2018,370.6,408,439.3,461.8,482.7,508.5,556.5
20/10/2018,381,412.9,441.9,463,482.8,507.8,560.5
21/10/2018,369.3,405.5,437,457.8,480.6,506.1,558.9
22/10/2018,371.5,406.5,437.4,459.6,480.6,506.6,564.2
23/10/2018,369.4,406.3,438,460.3,481.3,507,558
24/10/2018,357.8,394,425.8,448,470.2,495.6,545.6
25/10/2018,372.2,407.5,438.8,461.7,482.9,510.2,576.2
26/10/2018,355.1,391.6,423.4,445.2,467,492.2,542.2
27/10/2018,372.4,408,438.6,460.7,481.3,507.2,559.5
28/10/2018,369.8,405.7,436.6,458.7,479.5,505,551.8
29/10/2018,372.5,407.6,438.4,460.2,480.7,505.7,547.2
30/10/2018,371.6,406.8,437.6,459.3,480,505.2,554.2
31/10/2018,370.3,407,438.1,460.2,481.2,506.8,562.6
01/11/2018,372.2,408.3,439.9,463,484.2,510.4,555.8
02/11/2018,374.1,409.8,441.3,464.5,485.3,511,557.3
03/11/2018,375.3,410.4,441.7,464.8,485.5,511.2,556
04/11/2018,373.5,410,442.4,466.4,488.2,515.9,557.7
05/11/2018,374.5,409.5,441.5,465.3,487.2,515.2,560.1
06/11/2018,362.8,410,444.6,468.8,492.8,516.8,552.2
07/11/2018,370.6,406.4,439.4,464.4,486.2,512.2,553
08/11/2018,351.8,380.2,421,448.6,475,501.4,564
09/11/2018,362.3,402.1,436.2,461.7,484.9,512.7,555.8
10/11/2018,357,397.8,432.4,457,479.9,506.8,550.7
11/11/2018,354,393.7,440.1,462.7,485.9,518.5,556
13/11/2018,374,408.4,440,464.4,485.8,510.4,547.2
14/11/2018,368.3,405.2,438.4,463.1,486.5,512.7,548.6
15/11/2018,367.8,402.2,433.6,457.2,479,504.2,545.8
16/11/2018,358.9,400,432.8,458.9,478,503.7,550.8
17/11/2018,351.9,394.8,428.2,451.4,473.7,500,547.1
18/11/2018,357.5,398.4,431.7,455.3,477.4,503.2,542
19/11/2018,352.8,396.2,429,451,473.4,498.8,539.8
20/11/2018,358.1,399.1,432,459.9,477.9,503.8,545.3
21/11/2018,361.5,402.1,435.4,458.9,480.2,506,548.8
22/11/2018,354.7,397.3,431.3,455.2,477.4,503.5,547.7
23/11/2018,354.9,395.7,429.3,452.6,474.6,500.2,540.2
24/11/2018,352.2,393.5,426.7,449.8,472,498.3,541.5
25/11/2018,348.8,393.6,428.1,451.8,474.3,500.9,550.9
26/11/2018,352.8,393.6,426.8,449.9,471.8,497.6,540.2
28/11/2018,358.6,399.3,433.5,458.1,480.8,507.3,547.2
29/11/2018,347,394.4,427,440,463.4,490.2,538.8
30/11/2018,354.3,396.9,431.6,456.9,480.4,508,554.8
01/12/2018,354.7,394.2,427.4,451.5,475.2,503.5,543.4
02/12/2018,358.2,392.8,424.4,447.4,470.6,497.2,546.8
03/12/2018,347.9,388.1,423,447,471,499.2,542.4
04/12/2018,347.8,390.6,425.2,449.2,473.1,501,540.3
05/12/2018,347,388.7,424.1,448,470.9,497.7,544.4
06/12/2018,346.7,389.6,423.2,445.5,467.9,494.2,538
07/12/2018,347,388.2,422.1,445.3,468.1,494.5,533.3
08/12/2018,347.2,388.9,424.1,448.3,467.5,495.3,536.1
09/12/2018,347.1,388.2,424.3,449.3,468.5,494.7,538
10/12/2018,351.2,392.7,425.9,449.2,471.1,497,541.2
11/12/2018,350.9,391.8,424.8,448,470.7,497.2,542.3
12/12/2018,353.7,394,426.6,449.7,472.1,498.4,539.2
13/12/2018,345.8,389.8,421,442.8,464.6,491,536.2
14/12/2018,351.3,392.7,426.3,450.5,473.7,500.6,542.9
15/12/2018,360.1,402.5,436.5,461.1,483.4,509.9,546.8
16/12/2018,351,392.9,427.4,452.2,475.3,502.3,547.8
17/12/2018,349.2,389.7,423.3,446.9,469.8,495.9,543.3
18/12/2018,349.8,391,424.4,447.8,470.7,497,539.6
19/12/2018,367.2,398.4,427.8,450.2,471.4,495.2,535.6
20/12/2018,353.5,393.8,426.2,449.5,472,498.1,539
21/12/2018,345.7,386.4,419.8,442.2,464.9,491.8,549.5
22/12/2018,353.8,390.7,422.5,445.4,468.1,494.5,538.5
23/12/2018,363.5,398.8,429,450.3,471,495.8,534.7
24/12/2018,345.5,386.6,420.6,443.6,466.4,492.5,535.7
25/12/2018,347.2,386.9,419.8,442,464.1,490.2,534.8
26/12/2018,367.4,396.2,423.4,443.8,464.4,488.8,540.8
27/12/2018,344.9,387.3,420.1,443.9,465.4,491.5,535.6
28/12/2018,361.4,395.3,425,446,465.8,499.1,530.4
01/01/2019,367.7,401.9,432.2,453.4,473.5,498.1,549.3
02/01/2019,366.6,400.8,431.2,452.4,472.5,497.1,539.7
03/01/2019,367.5,402.2,432.4,453.4,472.8,496.6,541
04/01/2019,363.4,400,426.4,446.8,466.8,490.6,541
05/01/2019,366.9,401.2,430.4,450.5,469.6,493.2,539.5
06/01/2019,368.3,402.8,432.4,452.8,471.8,494.5,537.4
07/01/2019,365.9,398.4,430.1,451.2,470.9,494.7,533.9
08/01/2019,375.2,409.2,438.7,460.5,480.6,504.9,545.6
09/01/2019,366.2,402.2,432.7,453.9,474.2,498.4,540.3
10/01/2019,369.5,403.5,433,453.8,473.7,497.9,540.4
12/01/2019,367.5,402.7,435.8,459.6,481.6,508.7,550.8
13/01/2019,370,403.9,434.5,457,478.6,504.3,542.2
14/01/2019,369.4,404.8,436,459.1,480.8,507.1,554.9
15/01/2019,369.2,402.8,433.7,456.5,478.2,504.2,545.6
16/01/2019,369.9,404.3,435.5,458.7,480.5,506.3,549.4
17/01/2019,366.9,402.7,434.4,457.5,479.4,505.4,548.1
18/01/2019,370.3,404.3,435.3,458.2,479.6,505.3,548
19/01/2019,369,403.4,434.2,457.1,479,505.3,549.8
20/01/2019,364.7,404.7,436.9,460.4,482.3,508.4,549.2
21/01/2019,369.7,403.9,434.8,457.8,479.7,506,549.1
22/01/2019,369.4,404.8,434.5,457.6,480.1,506.3,549.6
23/01/2019,367.4,401.4,432.4,455.5,477.3,503.4,547.7
24/01/2019,366.8,401.3,432.2,454.8,476.5,502.4,546.7
25/01/2019,366.2,400.7,432.1,455.2,477,502.8,544.3
26/01/2019,365.1,397.3,427.3,448.8,470,496.4,542
27/01/2019,368.6,401.9,430.1,450,469.6,494.7,539.7
30/01/2019,363.9,398.4,429.4,451.2,471.9,496.9,544.6
31/01/2019,364.6,398.3,428.5,450.1,470.8,496,540.2
01/02/2019,372.4,403.6,433.2,454.2,474.8,500.2,545.2
02/02/2019,371.7,406.8,437.2,459.2,479.3,504,546.8
03/02/2019,377.8,408,437,457.6,477.4,501.8,538.4
04/02/2019,357.8,398.1,431.7,454.5,476,502,551.1
05/02/2019,370.8,405.7,436,455.6,479,504.2,543.9
06/02/2019,380,411,441.2,463.8,484.8,510,538.8
07/02/2019,370,406.6,438.2,460.8,481.6,506,541
08/02/2019,371,403.8,434.4,456.6,477.2,501.4,539
09/02/2019,361.3,399.3,432.1,454.9,476.3,502.2,561.4
10/02/2019,369.7,405.5,437.2,460.5,481.8,507,566.1
11/02/2019,370,400.2,429.4,451,471,494.8,521.6
12/02/2019,371.2,399.4,426.8,447.6,468,490.6,515
13/02/2019,369.5,402.9,432.7,455,475.8,500.9,548.8
14/02/2019,370.2,399.2,427.4,448.6,469,491.8,518
15/02/2019,367,403,435.2,459,480.2,505.6,539.6
16/02/2019,368.6,404.9,436.3,459.7,481.6,505,548.2
17/02/2019,373.5,406.2,436.3,459.4,481.2,508.9,559.7
18/02/2019,363.9,398.9,430.4,455.1,474.9,501.4,552.7
19/02/2019,361.2,389.4,417.4,437.4,458,483.2,511
20/02/2019,368.2,400.1,430.5,453.2,475.5,503.2,552
21/02/2019,368.6,401.4,432.1,455.5,478.1,506.2,556.7
22/02/2019,356.8,386.6,417,439.6,462.6,489.8,519.8
23/02/2019,364.8,398.7,431.4,455.5,478.1,505.2,551.8
24/02/2019,362.4,388.8,416.4,437.2,459,485.4,515
25/02/2019,352.4,382,412.4,433.8,455.8,482,512.2
26/02/2019,358.6,392.2,423.3,445.6,467.4,494.2,553
27/02/2019,370.1,400.2,429.5,451.6,473.2,500.6,551.2
28/02/2019,372.6,403.4,433.6,456.5,478.6,506.6,561.8
01/03/2019,371.8,403.4,434,458.2,480.3,508.1,565.3
02/03/2019,363.4,393.6,423.4,445.3,467.6,497.1,559.2
03/03/2019,350.9,382.1,412.3,432.7,453.9,482.5,546.8
04/03/2019,370.6,401.9,430.9,453.9,476.7,505.8,562.8
05/03/2019,371.2,402,432.8,457.2,480.5,509.7,571.9
06/03/2019,367,400.1,431.8,456.2,479.3,507.6,572.9
07/03/2019,341.4,376.6,409,431.2,453.4,479.2,513.2
08/03/2019,360.2,390.2,418.7,439.8,461.2,489.2,547.6
09/03/2019,358.7,387.4,416.4,436.7,457.4,484.6,531
10/03/2019,370.4,400.3,428.9,450.3,471.3,498.5,556.9
11/03/2019,366.5,397.6,426.9,448.3,469.1,495.4,561.2
12/03/2019,369.2,399.8,428.6,450.2,471.2,497.7,539.5
13/03/2019,366.5,395.4,424.2,445,466,494.1,552.6
14/03/2019,370.5,400.7,429.8,446.3,472.2,499.3,557.8
15/03/2019,372.5,402.3,431.5,453.7,474.4,501.7,563.1
16/03/2019,367.8,395.9,424.3,445.1,466.3,495.4,555.7
17/03/2019,345.3,387.4,420.5,444.6,464.9,494.4,553.2
18/03/2019,341.8,376,416.2,437,457.6,482.8,526.6
19/03/2019,371.2,401.2,430,451.7,472.6,500.5,560.8
20/03/2019,353.4,388.2,418.8,440.2,452,482.4,566.8
21/03/2019,371,400.2,427.9,448.9,469.9,498.5,557.5
22/03/2019,348.8,382.6,415,437.7,460.3,489.8,559.9
23/03/2019,340,373.8,405.2,427,448.4,486,547
24/03/2019,375.8,402.7,430.5,452,473.5,504.4,563.5
25/03/2019,373.9,401.5,430.1,452,473.5,503.2,556.8
26/03/2019,374.9,401.9,430.3,452.3,474.2,506.6,574.1
27/03/2019,372.5,400.2,429,451.1,473.1,504,568.7
28/03/2019,377.1,403.5,430.8,452,473.2,504,550.5
29/03/2019,376.2,402.9,430.6,452.2,473.6,504.6,565.3
30/03/2019,364.9,396,426,451.1,471.9,503.9,569.5
31/03/2019,379.2,406.3,434.4,456.4,477.6,508.1,567.9
01/04/2019,378.4,404.3,432.2,453.9,475.1,505.6,567.5
02/04/2019,382.4,408.2,436.1,457.7,479,509.6,569.5
03/04/2019,376.7,402.7,430,451.6,473.6,507.2,576.9
04/04/2019,372.3,399.4,427,447.1,468.6,498.1,557.5
05/04/2019,374,398.9,425.2,444.9,465.9,498.2,555
06/04/2019,371.7,396.8,424.9,446.4,468.1,500.5,557.3
07/04/2019,370.8,398.2,427,449.2,471.3,502.2,563.9
08/04/2019,376.1,400.4,427.9,449.6,472.2,506.2,568.2
09/04/2019,372.2,397.3,425.4,447.4,470.5,505.6,567
10/04/2019,373.9,398.6,426.2,448.3,471.5,505.7,551.1
11/04/2019,382,405.8,433.2,455.6,478.3,514,579.8
12/04/2019,374.9,401.8,430.6,453.7,476,508.4,571.5
13/04/2019,363,376.5,405.4,431.9,460.5,499.9,550.7
14/04/2019,381.5,404.4,431.5,454.1,477.3,512.8,573
15/04/2019,371,396.9,425.7,447.6,470,502.5,566.7
16/04/2019,381.4,405.2,432.1,454.2,476.9,511.9,577.1
17/04/2019,380.2,403,430.5,452.5,475.4,510.5,571
18/04/2019,383.4,409.2,437.1,458.7,480.1,510.6,569.5
19/04/2019,382.1,404.7,430.6,451.9,474.9,510.3,571.5
20/04/2019,378.4,401.8,428.5,450.1,473.4,509.5,573.3
21/04/2019,385,407.7,433.1,454.7,478.8,514,576.6
22/04/2019,371.8,393.6,418.7,438.1,460.9,497.5,567.4
23/04/2019,377.8,402.1,426.4,446.9,471,508.1,581
24/04/2019,385.4,405.9,430,450.3,473.5,508.5,569.3
25/04/2019,380.9,401.8,426.4,446.6,470.4,505.8,570.6
26/04/2019,378.7,399.8,424.7,444.7,467.6,502.1,553.1
27/04/2019,385.2,405.7,430,450.3,473.6,509.6,597.8
28/04/2019,384.6,405,429,449.4,472.8,507.2,568.2
29/04/2019,372.8,394.6,421.4,442.3,466.7,502.3,562.3
30/04/2019,368,388.8,422.6,449.6,478.8,520.4,547
01/05/2019,374.1,412.2,439.1,457.8,476.2,500.8,556.1
02/05/2019,366,399,428.2,448,467.4,491.4,564.6
03/05/2019,369.5,400.2,428.8,448.3,467.3,492.7,540
04/05/2019,367.4,401,428.7,446.5,464.4,487.3,529.4
05/05/2019,374.1,407.1,436.1,456.2,475.9,500.1,539.4
06/05/2019,376.8,407.3,435.7,455.7,475.2,499.2,538.6
07/05/2019,369.7,404.6,433.5,453.4,472.7,496.5,534
08/05/2019,374.8,407.1,436.5,457,476.2,500.6,557.6
09/05/2019,366.1,402.8,433.6,454.3,474.1,498.3,536.6
10/05/2019,374,408.1,436.5,456.1,474.7,497.6,534.2
11/05/2019,375.1,406.7,435.4,454.5,474.9,503.8,541
12/05/2019,380.2,414.9,442.3,460.2,477.3,499.5,536.7
13/05/2019,382.4,414.9,442.6,460.6,477.5,499.6,538.5
14/05/2019,370.9,403.8,431.8,450.8,469.2,492.1,529.7
15/05/2019,370.2,401,428.8,448.4,467.8,490.4,529
16/05/2019,380.5,410.6,444.8,460.6,480,505.3,551
17/05/2019,386.3,416.1,444.6,465.3,484.5,508.2,546.6
18/05/2019,364,397.6,426.8,446.8,466.8,490.4,557.2
19/05/2019,376,401.8,429.2,450,470.8,498,558
20/05/2019,367.6,402.8,431.5,451.4,470.5,494,533.4
21/05/2019,362.4,384.4,410.6,430.4,451,482,549
22/05/2019,370.4,404.6,433.5,453.6,473.1,496.9,534.2
23/05/2019,369.4,404.2,432.9,453,472.8,497.1,534.8
24/05/2019,374.1,406.3,436.1,456.8,476.5,500.2,537.4
25/05/2019,373.5,403,430.8,450.5,470.4,494.7,535.3
26/05/2019,362.4,396.4,428.4,450,471.2,496,544
27/05/2019,365.4,404.1,435.7,457.5,478,502.4,538.8
28/05/2019,363.6,400.1,429.1,449.9,470.6,496,532.8
29/05/2019,357.4,383.8,410.6,431.6,453.4,486.2,539.2
30/05/2019,371.5,400.2,428.4,448.9,468.9,493.1,529.8
31/05/2019,361.2,383.8,410.6,431.2,452.4,483.6,534
01/06/2019,370.4,402.6,431.6,452.6,473.1,498.3,538.7
02/06/2019,376.3,405.5,434.5,456.3,477.2,502.3,540.1
03/06/2019,363.4,397.8,429.2,451.4,473,498.9,537.8
04/06/2019,361.9,395.8,425.8,446.8,467.5,492.3,532.8
05/06/2019,360.4,381.8,407.2,427.6,449.8,485.2,528.8
06/06/2019,370.8,405.4,438.8,463.2,484.6,509.2,541.6
07/06/2019,370.3,398.7,428.3,450.4,472.4,498.9,538.6
08/06/2019,361.3,394.7,425.6,448,470.4,497.3,538.9
09/06/2019,362.3,398.8,430.9,453.8,475.4,500.8,539.4
10/06/2019,372.8,402.2,431.2,452.8,473.7,499,539.1
11/06/2019,366.4,399.7,429.9,451.9,473.3,498.5,536.3
12/06/2019,364.9,395.5,426.9,449.4,470.9,495.8,533.4
13/06/2019,380,412.2,442.4,465.4,485.4,509,542.2
14/06/2019,376.6,416,431.8,448.4,460.4,486,522.7
15/06/2019,373.3,401.3,429.3,450.3,471.2,496.7,538.5
16/06/2019,382,410.4,440.4,463,483.6,507.8,548
17/06/2019,359.7,391.2,419.6,439.2,459.2,485,542.3
18/06/2019,360.2,392,421.1,441.1,461.4,486.2,527.3
19/06/2019,359.5,391.5,419.6,438.9,458.3,482.5,524.1
20/06/2019,369.7,403,432.7,451.2,470,493.8,534.8
21/06/2019,360.2,391.5,419.7,439.2,458.6,483.3,524.2
24/06/2019,368.7,401.2,430.1,450.9,470.6,494.1,532.1
25/06/2019,364,399.1,429.8,451.1,471.1,494.1,531
26/06/2019,362.9,397.6,426.8,447.6,467.7,491.7,532.1
28/06/2019,364.9,399.6,427.6,447.8,467.5,490.6,529.1
01/07/2019,370.8,401.2,428.7,448.7,468,490.9,533.6
02/07/2019,367.8,399.6,428.2,447.3,467.8,491.1,528.4
03/07/2019,359.6,393.3,423.8,443.7,463.2,485.6,522.9
04/07/2019,367.6,394.6,420.9,438.7,456.7,479.6,520.1
08/07/2019,359.3,392.8,419.9,437.8,455.4,478.5,524.6
09/07/2019,383,414.6,439.6,458,475.2,497.2,542.8
10/07/2019,359.3,389.7,416.6,434.2,451.8,475.3,518.7
11/07/2019,359.8,389.5,416.1,433.4,450.5,473.7,516.4
12/07/2019,366.8,392.6,418.3,436,453.8,476.9,526.1
15/07/2019,358.7,388.9,415.4,433.2,451.3,475.2,523.6
16/07/2019,362.2,393,419.7,437.8,455.8,478.9,521.5
17/07/2019,359.5,391,418.2,436.6,454.9,478.5,524
18/07/2019,361.1,393.1,420.8,439.8,459,482.8,528
19/07/2019,365.9,396.3,426.1,446.5,466.2,488.3,523.4
22/07/2019,360.7,392.1,419.6,438.5,457.2,480.9,526.9
23/07/2019,375.4,390.1,417.3,435.8,454.8,428.7,521.9
24/07/2019,374,410.2,436.2,456.2,474.2,498.2,545.2
25/07/2019,352.5,386.1,414.7,433.4,452.3,476.5,521.4
26/07/2019,353.4,386.2,414.2,432.7,451.3,475.4,521.2
29/07/2019,368.2,396.7,424.4,443.4,462.3,485.4,524.7
30/07/2019,353.5,386.8,416.6,436.2,455.4,478.7,517.1
31/07/2019,366.9,397.6,425.8,445.4,465.1,488.9,530.1
01/08/2019,366.1,398.8,427.6,448,468,491.9,535.6
02/08/2019,368.2,399.2,426.8,445.9,464.7,487.6,535.1
05/08/2019,359.5,391,418.2,436.6,454.9,478.5,524
06/08/2019,373.2,405.2,431,450.6,468.4,492.4,533
07/08/2019,364.4,393.7,420.6,439.7,459.3,483.3,529.7
08/08/2019,359.6,391.1,418.6,438,457.4,480.5,525
09/08/2019,366.2,402.8,432,452,470.8,493.2,533.8
12/08/2019,361.8,389.9,416.1,434.4,452.5,475.9,540.1
13/08/2019,371.8,401.7,427,444.3,461.4,482.8,532.9
14/08/2019,370,403.2,431.2,449.4,467,488.8,527.6
15/08/2019,367.8,405.8,437.6,457.9,475.6,496,529.3
16/08/2019,347.8,372.6,399.7,417.4,434.1,458.4,504.8
19/08/2019,362.5,393.4,419.7,437.2,454.3,478.4,530.5
20/08/2019,369.8,406.2,439.4,463.2,485.2,511.4,552.6
21/08/2019,365.5,397.9,427.5,450.1,472.4,499.1,547.9
22/08/2019,375.4,407.8,437.6,460.4,482,508.4,550
23/08/2019,370.7,406.1,437.2,460.4,482.2,508.8,563.1
26/08/2019,377.5,403.2,431,452.3,473.1,499.1,548.7
27/08/2019,366.7,404.2,437.2,462,484.6,512.5,565.8
28/08/2019,367.5,403.8,436.8,460.8,483.1,510.3,559.9
29/08/2019,375,400.4,429.3,452.1,474.7,502.2,554
30/08/2019,373.8,403.2,434.2,457.4,479.8,506.6,542
02/09/2019,375,405.4,436.1,458.8,479.6,504.3,553.7
03/09/2019,367.3,401.8,433.5,456.3,477.9,503.8,566.7
04/09/2019,371.3,404.6,435.3,457.5,477.7,501.4,552.5
05/09/2019,374.7,406.8,437.3,459.2,478.8,502.7,562.6
06/09/2019,367.3,402.3,433.3,455.1,475.1,498.9,554.1
09/09/2019,372.6,404.4,434.5,456.3,476.8,501,554.1
10/09/2019,371.6,403.2,432.6,453.6,473.6,496.8,549.8
11/09/2019,366.1,403.5,435.9,458.8,479.7,503.8,551.6
12/09/2019,374.6,406.4,435.6,456.3,475.8,499.2,548.6
13/09/2019,380.5,408.5,437.2,458,477,502,569.1
15/09/2019,362.6,389.3,416.1,435.7,454.9,480.8,535.6
16/09/2019,383.4,409.6,437.2,457.8,477.1,502.6,563
17/09/2019,353,386.3,414.3,434.5,454.1,480,528.7
18/09/2019,375.8,404.8,432.8,453,471.8,494.6,531
19/09/2019,379.9,406.4,434.8,455.2,474.5,500.2,566.5
20/09/2019,366.4,392.8,420.3,440.5,459.7,484.3,530.3
23/09/2019,375.5,406.8,437.5,460.3,480.8,505.7,560.2
24/09/2019,371,404.6,436.7,459.6,480.4,504.9,559.2
25/09/2019,375.5,404.1,432.3,453.2,473.4,503.1,561.6
26/09/2019,360.2,395.8,425.2,445.4,465.4,489.2,530.6
27/09/2019,385.4,410.2,437.2,457.8,477.3,504.9,562.7
30/09/2019,380.4,406.9,434.9,455.5,475.5,504.4,562.6
01/10/2019,359.6,397.4,427,447.4,467.4,491.8,546.8
02/10/2019,375.5,404,432,452.6,472.6,502.7,574
03/10/2019,382.9,408.3,434.5,455.1,475.6,508.7,564
04/10/2019,363.6,397,425.8,446.2,466.4,491,532.6
07/10/2019,370.3,400,428.1,449.3,470.7,502.4,563.1
08/10/2019,385.7,410.4,440.1,464.7,488.1,513.8,561.1
09/10/2019,355.8,394.4,426.6,450.4,474,502.8,559
10/10/2019,379.9,408,438.4,462.9,486.6,522.6,578.4
11/10/2019,352.2,393.2,425,448.2,471,496.6,529
14/10/2019,358.2,397.8,428.4,450.4,470.6,493,523.8
15/10/2019,369,406,436.4,458.6,478.4,502,548.2
16/10/2019,380.7,412.4,441.8,463.3,482.6,505.8,539.7
17/10/2019,379,415.1,445.8,467.4,486.7,509.7,545
18/10/2019,392.2,428.5,459.6,480,498.6,520.7,554.8
21/10/2019,374.7,404.1,433.1,453.8,473.7,497.8,534.1
22/10/2019,383.4,422.7,457,478.8,499.3,523,557.5
23/10/2019,387.4,425.3,457.9,479.9,500.9,526.4,564.5
24/10/2019,377.2,407.5,437,459.1,480,505.5,542.8
25/10/2019,373.6,405.8,435.4,457.3,478.7,505.2,542.4
28/10/2019,373.4,405.6,435.2,456.9,477.6,502.8,537.7
29/10/2019,384.1,420.3,454.3,477,498.9,524.5,560.9
30/10/2019,364.8,398.8,433.2,458.2,480.8,506.2,540.2
31/10/2019,374.5,416.5,451,474.3,496.2,522.3,559.5
01/11/2019,367.4,419.7,453.4,476.7,498.8,525,562.4
04/11/2019,372,407.3,441.6,467.2,490.6,518.7,556.1
05/11/2019,374,407.5,439.2,464,487.1,516.2,555.2
06/11/2019,376.6,407.3,438.3,462.7,485.5,514.3,557.7
07/11/2019,383.7,423.4,455.9,478.9,499.9,525,558.6
08/11/2019,381.6,409.9,439,461.8,483.4,509.9,543.2
11/11/2019,379.4,408.7,437.6,460.1,481.6,508.1,543.9
12/11/2019,381.9,409,436.8,458.8,480,506,539.3
13/11/2019,361.2,409.2,423.2,442.9,463.4,489.2,525.8
14/11/2019,381.1,409.4,438.1,460.2,481.1,506.6,542.6
15/11/2019,378.9,414.5,446.3,469.2,489.6,513.4,545.4
18/11/2019,355.6,391,421,444.2,467.2,493.4,528.6
19/11/2019,380.1,409,437.8,460.2,481.3,507.2,543
20/11/2019,376,410.9,443.6,467.6,488.9,514,549.3
21/11/2019,368.3,398.7,428.3,449.9,471.5,497.8,534.4
22/11/2019,377.4,406.3,434.9,456.9,478.1,504.1,540.7
25/11/2019,381.1,408.4,437.2,460.4,482.2,508.4,540.4
26/11/2019,387.9,412.5,439.2,461.8,482.9,508.9,541.9
27/11/2019,380.9,409.6,436.2,460.2,481.5,511.2,546
28/11/2019,390.4,413.7,441,462.1,482.1,509.8,547.7
29/11/2019,363.8,394.8,423.4,446.6,469.8,497.6,532.4
02/12/2019,376.9,406.8,438.7,462.8,483.2,509.4,544.9
03/12/2019,385.2,410.9,437.3,459.7,480.7,506.5,540.4
04/12/2019,379.7,406.7,434.3,456.1,476.8,502.1,539.8
05/12/2019,361.2,392.8,419,438.8,460.2,488,532.2
06/12/2019,374.2,413.1,446.4,469.2,490.7,516.6,550.8
09/12/2019,375.6,415.4,448.2,471.5,493.2,519.7,558.9
10/12/2019,364,399.4,429.7,452.4,474.7,503.1,537.1
11/12/2019,381.1,418.3,451.1,472.1,496.5,522.6,559.6
12/12/2019,381.7,416.9,448.3,470.5,491.3,515.8,552
13/12/2019,377.2,415.6,449,472.6,494.9,521.8,565.5
16/12/2019,375.1,404.7,433.8,455.3,475.6,500.9,544
17/12/2019,372,412,444.1,466.2,486.1,510.6,547.1
18/12/2019,375.5,411.4,443.2,465.4,485.8,510.6,547
19/12/2019,373.7,412.9,445.2,467.5,487.8,512.6,564.5
20/12/2019,363.1,397.3,426.9,448.9,470.8,496.9,534.1
23/12/2019,365.8,399,428.7,451,473,499.8,536.5
24/12/2019,373.9,411.1,444.8,468.3,489.8,515.4,550.1
25/12/2019,376.6,412.9,444.7,467.5,488.6,514.3,549.9
26/12/2019,358,393.7,424.6,446.2,469.7,496.6,534
27/12/2019,371,400.1,429.3,452.1,474.2,501.1,545.2
30/12/2019,373.7,411,443.3,466.2,487.3,513.1,549
31/12/2019,369.6,402.8,433,454,474.4,499,533.2
01/01/2020,371.7,400,427.8,448.9,470.3,496.2,542.7
02/01/2020,380.8,414.7,445.5,467.4,487.8,512.5,548.2
03/01/2020,375.7,411.2,442.4,464.1,484,508.6,543.8
06/01/2020,355.3,389,420.6,444.7,469.5,499.8,553.5
07/01/2020,372.2,408.1,440.1,463.4,485.1,511.5,548.5
08/01/2020,350,386.9,419.1,442.6,466.6,494.5,536.3
09/01/2020,357.2,389.8,421.7,445.4,469.4,497.8,541.5
10/01/2020,374.5,410.8,442.9,466.6,488.5,515.5,557.3
13/01/2020,362.5,400.7,434.4,456.8,478.6,504.8,542.1
14/01/2020,368.1,406.2,439.1,462,483.9,510.8,549.1
15/01/2020,353.9,405.6,426.9,453.2,477.7,506.6,551.3
16/01/2020,369.4,404.2,436,458.3,479.8,505.6,544.7
17/01/2020,360.8,402.1,437.6,461.5,483.7,510.8,559.6
20/01/2020,351.4,396.8,430,453,475.2,502.8,544.2
21/01/2020,358.6,398.4,431.2,453.6,475.6,503.4,544.8
22/01/2020,374,408.7,438.3,458.7,479.7,505.2,548.6
23/01/2020,365.2,398.2,428.4,450.4,472.2,498,535
24/01/2020,380.9,412.9,442.9,464.4,484.9,511.1,550.1
27/01/2020,373.3,410.7,442.3,464.9,486.2,513.2,569.3
28/01/2020,375.2,408.5,438.5,459.8,479.7,504.1,539
29/01/2020,369.3,402.8,432.9,454.2,474.8,500.8,557.2
30/01/2020,377.5,410.4,439.5,460,479.2,503,538.3
31/01/2020,361.6,398.4,428.8,451.4,472.6,493.6,532.8
03/02/2020,373.2,408.4,438.3,459.7,479.8,505.6,554.1
04/02/2020,369.4,408.9,439.7,461.6,482.5,510.5,627.1
05/02/2020,377.9,409.8,438.7,459.5,479.3,504.3,541.5
06/02/2020,357.6,394.2,424.8,445.8,467,493,529
07/02/2020,367.1,405,435.1,456.4,476.8,503.5,574.3
10/02/2020,369.2,393.9,420.3,439.2,459.1,486.4,547
11/02/2020,350.8,385.6,415.6,435.2,454.4,478.2,519
12/02/2020,372.2,404.6,432.9,452.4,471.2,495.6,559.1
13/02/2020,376,403.2,430.2,448.9,467.3,491.2,558.8
14/02/2020,357.4,392.2,421.6,440.6,458.6,482.2,524.4
17/02/2020,368.4,399.5,427.5,446.2,464.8,488.7,538.7
18/02/2020,371.6,401.7,429.4,448.2,466.9,490.5,532.1
19/02/2020,374.2,407.2,436,456.2,475.3,499.5,544.1
20/02/2020,327.9,376.2,414,436.1,456.8,483.2,527.8
21/02/2020,373.7,399.4,426.3,445.3,464.5,489.4,534.1
24/02/2020,369.8,402.5,430.4,449.8,468.6,492.1,532.9
25/02/2020,354.2,389.4,419,439,458,482.2,518.8
26/02/2020,373.1,399.5,426.4,445.3,464.4,488.2,530.6
27/02/2020,372.7,405.6,433.5,452.3,470.6,493.7,535.9
28/02/2020,366.4,400.4,429,448.5,467.5,490.8,528.1
02/03/2020,365.4,401.5,431.9,452.6,472.3,496.8,537.3
03/03/2020,370.1,404.1,432.5,452.2,471.5,495.9,544.5
04/03/2020,347.6,383.4,413.8,433.8,454.2,479.4,514
05/03/2020,372.1,398,425.7,445.3,465.5,490.9,547.5
06/03/2020,372.6,405,433.7,454,473.6,498.2,546.5
08/03/2020,359.1,393.4,423.2,442.8,461.8,485.7,528.5
09/03/2020,359.1,393.4,423.2,442.8,461.8,485.7,528.5
09/03/2020,361.6,394.1,423,442.1,460.7,484.8,528.7
10/03/2020,361.6,394.1,423,442.1,460.7,484.8,528.7
12/03/2020,373.3,403.5,431.7,451.8,471.6,495.7,536.6
12/03/2020,384.7,412.3,439.5,459.2,478.1,501.8,541.1
13/03/2020,384.7,412.3,439.5,459.2,478.1,501.8,541.1
15/03/2020,379.2,406,433.5,453.2,472.6,497.8,558.7
16/03/2020,379.2,406,433.5,453.2,472.6,497.8,558.7
16/03/2020,375,404.9,433.5,453.9,473.6,497.5,537.8
17/03/2020,375,404.9,433.5,453.9,473.6,497.5,537.8
17/03/2020,370.4,406.7,436.5,457.7,477.6,502.8,566.5
18/03/2020,370.4,406.7,436.5,457.7,477.6,502.8,566.5
18/03/2020,373,407.2,436,456.3,475.8,500.4,555.8
19/03/2020,373,407.2,436,456.3,475.8,500.4,555.8
19/03/2020,376.9,406.2,434.5,454.6,473.8,497.7,545.1
20/03/2020,376.9,406.2,434.5,454.6,473.8,497.7,545.1
23/03/2020,370.1,404.4,433.2,453.4,472.8,497,552.8
25/03/2020,372.6,406.5,435.6,455.6,474.5,497.7,544.1
25/03/2020,369.3,402.9,432,452.2,471.8,495.5,543.1
26/03/2020,369.3,402.9,432,452.2,471.8,495.5,543.1
26/03/2020,372.3,405.6,434.9,455.6,475.5,500.4,559.5
27/03/2020,372.3,405.6,434.9,455.6,475.5,500.4,559.5
29/03/2020,374.2,408.8,438.5,458.8,479.3,505.5,548.1
30/03/2020,374.2,408.8,438.5,458.8,479.3,505.5,548.1
01/04/2020,379.8,409.3,438,458.5,478.3,503.2,556
01/04/2020,369.6,403.5,434.5,455.2,475.2,500,546.2
02/04/2020,369.6,403.5,434.5,455.2,475.2,500,546.2
02/04/2020,374.2,407.9,438.6,460,480.7,506,555
03/04/2020,374.2,407.9,438.6,460,480.7,506,555
05/04/2020,379.5,408.3,437.3,457.7,477.3,502.5,558.7
06/04/2020,379.5,408.3,437.3,457.7,477.3,502.5,558.7
06/04/2020,370,406.1,436.1,456.9,477.4,504.3,550.4
07/04/2020,370,406.1,436.1,456.9,477.4,504.3,550.4
07/04/2020,375.7,411.7,443.5,467,490,520,559.1
08/04/2020,375.7,411.7,443.5,467,490,520,559.1
08/04/2020,380.7,413.2,444.5,468.1,491,520.2,565.5
09/04/2020,380.7,413.2,444.5,468.1,491,520.2,565.5
09/04/2020,382.6,414.5,445.9,469.3,492.4,521.6,561.9
10/04/2020,382.6,414.5,445.9,469.3,492.4,521.6,561.9
12/04/2020,379.8,411.5,440.8,462.6,483.7,510.9,551
13/04/2020,379.8,411.5,440.8,462.6,483.7,510.9,551
13/04/2020,377.7,408.1,438.1,459.4,480.9,508.4,549.9
14/04/2020,377.7,408.1,438.1,459.4,480.9,508.4,549.9
14/04/2020,380.5,412.1,441.7,463.5,484.1,510.5,549.5
15/04/2020,380.5,412.1,441.7,463.5,484.1,510.5,549.5
15/04/2020,378.5,410.7,440.5,462.6,483.9,510.9,550.1
16/04/2020,378.5,410.7,440.5,462.6,483.9,510.9,550.1
17/04/2020,378.1,409.5,439.1,460.4,481.4,507.7,547.6
19/04/2020,375.7,406.3,440.6,462.5,483.8,511,551.6
20/04/2020,375.7,406.3,440.6,462.5,483.8,511,551.6
20/04/2020,377.6,414.4,445.2,467.5,489.1,516.2,556
21/04/2020,377.6,414.4,445.2,467.5,489.1,516.2,556
21/04/2020,378,412.8,443.6,465.7,486.6,513,552.1
22/04/2020,378,412.8,443.6,465.7,486.6,513,552.1
22/04/2020,363.8,406.9,439.7,462.1,483.7,511.1,552.5
23/04/2020,363.8,406.9,439.7,462.1,483.7,511.1,552.5
23/04/2020,377.6,412.2,442.6,464.6,485.2,511.5,552.5
24/04/2020,377.6,412.2,442.6,464.6,485.2,511.5,552.5
26/04/2020,377.9,410.7,440,461.2,481.9,508.2,549.5
27/04/2020,377.9,410.7,440,461.2,481.9,508.2,549.5
27/04/2020,368.1,406.7,437.6,459.1,480.5,508.1,556.7
28/04/2020,368.1,406.7,437.6,459.1,480.5,508.1,556.7
28/04/2020,372.9,408.6,439.5,461.8,483.4,510.1,550.2
29/04/2020,372.9,408.6,439.5,461.8,483.4,510.1,550.2
30/04/2020,382.8,415.4,445.4,466.5,486.8,512.8,550.4
01/05/2020,366.3,407.6,439.9,462.7,484.4,511.9,553.8
04/05/2020,376.1,411.4,442.1,464.4,485.3,511.8,553.4
05/05/2020,372.9,409.9,441.3,464,485,511.4,549.7
06/05/2020,374,410.9,440.7,462.6,483.5,510.1,549.9
07/05/2020,377.5,410.6,440.6,462.3,482.9,509.1,549.2
